x,z,between,and
197,-2145,wall of tile 020812 (room 0x2f),glass 0x1d43c8 (preset 0x271b)
197,-2145,wall of tile 020812 (room 0x2f),glass 0x1d43c8 (preset 0x271b)
197,-2145,wall of tile 020812 (room 0x2f),glass 0x1d43c8 (preset 0x271b)
197,-2145,wall of tile 020812 (room 0x2f),glass 0x1d4448 (preset 0x2716)
197,-2145,wall of tile 020812 (room 0x2f),glass 0x1d4448 (preset 0x2716)
197,-2145,wall of tile 020812 (room 0x2f),glass 0x1d4448 (preset 0x2716)
-393,-1618,wall of tile 050312 (room 0x2f),door 0x1d39c8 (preset 0x0085)
-393,-1618,wall of tile 050312 (room 0x2f),door 0x1d39c8 (preset 0x0085)
-379,-1618,wall of tile 050312 (room 0x2f),door 0x1d39c8 (preset 0x0085)
-379,-1618,wall of tile 050312 (room 0x2f),door 0x1d39c8 (preset 0x0085)
-304,-1484,wall of tile 018502 (room 0x01),door 0x1d23c8 (preset 0x007a)
-304,-1484,wall of tile 018502 (room 0x01),door 0x1d23c8 (preset 0x007a)
-304,-1484,wall of tile 017610 (room 0x2f),door 0x1d23c8 (preset 0x007a)
-304,-1497,wall of tile 017610 (room 0x2f),door 0x1d23c8 (preset 0x007a)
-304,-1497,wall of tile 017610 (room 0x2f),door 0x1d23c8 (preset 0x007a)
-304,-1484,wall of tile 017610 (room 0x2f),door 0x1d23c8 (preset 0x007a)
-580,-554,wall of tile 00A000 (room 0x04),door 0x1d22c8 (preset 0x0079)
-580,-554,wall of tile 00A000 (room 0x04),door 0x1d22c8 (preset 0x0079)
-689,-554,wall of tile 007D01 (room 0x05),door 0x1d22c8 (preset 0x0079)
-689,-568,wall of tile 007D01 (room 0x05),door 0x1d22c8 (preset 0x0079)
-689,-568,wall of tile 007D01 (room 0x05),door 0x1d22c8 (preset 0x0079)
-689,-554,wall of tile 007D01 (room 0x05),door 0x1d22c8 (preset 0x0079)
-580,-568,wall of tile 007C01 (room 0x05),door 0x1d22c8 (preset 0x0079)
-580,-568,wall of tile 007C01 (room 0x05),door 0x1d22c8 (preset 0x0079)
-580,-554,wall of tile 007C01 (room 0x05),door 0x1d22c8 (preset 0x0079)
-580,-554,wall of tile 007C01 (room 0x05),door 0x1d22c8 (preset 0x0079)
-1251,-1162,wall of tile 008702 (room 0x05),door 0x1d21c8 (preset 0x0078)
-1251,-1162,wall of tile 008702 (room 0x05),door 0x1d21c8 (preset 0x0078)
-1251,-1269,wall of tile 008500 (room 0x05),door 0x1d21c8 (preset 0x0078)
-1251,-1269,wall of tile 008500 (room 0x05),door 0x1d21c8 (preset 0x0078)
-1264,-1162,wall of tile 008201 (room 0x06),door 0x1d21c8 (preset 0x0078)
-1251,-1162,wall of tile 008201 (room 0x06),door 0x1d21c8 (preset 0x0078)
-1251,-1162,wall of tile 008201 (room 0x06),door 0x1d21c8 (preset 0x0078)
-1264,-1162,wall of tile 008201 (room 0x06),door 0x1d21c8 (preset 0x0078)
-1264,-1269,wall of tile 008202 (room 0x06),door 0x1d21c8 (preset 0x0078)
-1264,-1269,wall of tile 008202 (room 0x06),door 0x1d21c8 (preset 0x0078)
-1251,-1269,wall of tile 008202 (room 0x06),door 0x1d21c8 (preset 0x0078)
-1251,-1269,wall of tile 008202 (room 0x06),door 0x1d21c8 (preset 0x0078)
-1626,-456,wall of tile 023E02 (room 0x08),door 0x1d20c8 (preset 0x0077)
-1626,-456,wall of tile 023E02 (room 0x08),door 0x1d20c8 (preset 0x0077)
-1639,-456,wall of tile 023D01 (room 0x09),door 0x1d20c8 (preset 0x0077)
-1639,-456,wall of tile 023D01 (room 0x09),door 0x1d20c8 (preset 0x0077)
-1626,-456,wall of tile 023D01 (room 0x09),door 0x1d20c8 (preset 0x0077)
-1626,-456,wall of tile 023D01 (room 0x09),door 0x1d20c8 (preset 0x0077)
-1395,-1484,wall of tile 018802 (room 0x06),door 0x1d24c8 (preset 0x007b)
-1502,-1484,wall of tile 018801 (room 0x06),door 0x1d24c8 (preset 0x007b)
-1502,-1484,wall of tile 018801 (room 0x06),door 0x1d24c8 (preset 0x007b)
-1395,-1497,wall of tile 050012 (room 0x30),door 0x1d24c8 (preset 0x007b)
-1395,-1484,wall of tile 050012 (room 0x30),door 0x1d24c8 (preset 0x007b)
-1502,-1484,wall of tile 01EF10 (room 0x30),door 0x1d24c8 (preset 0x007b)
-1502,-1497,wall of tile 01EF10 (room 0x30),door 0x1d24c8 (preset 0x007b)
-1502,-1497,wall of tile 01EF10 (room 0x30),door 0x1d24c8 (preset 0x007b)
-1502,-1484,wall of tile 01EF10 (room 0x30),door 0x1d24c8 (preset 0x007b)
-1515,-2780,wall of tile 01DB12 (room 0x31),door 0x1d37c8 (preset 0x0083)
-1515,-2780,wall of tile 01DB12 (room 0x31),door 0x1d37c8 (preset 0x0083)
-1502,-2780,wall of tile 01DB12 (room 0x31),door 0x1d37c8 (preset 0x0083)
-1502,-2780,wall of tile 01DB12 (room 0x31),door 0x1d37c8 (preset 0x0083)
-2816,-3083,wall of tile 01B810 (room 0x2b),door 0x1d30c8 (preset 0x0082)
-2817,-3082,wall of tile 01B610 (room 0x2e),door 0x1d30c8 (preset 0x0082)
-2818,-3082,wall of tile 00D118 (room 0x36),door 0x1d35c8 (preset 0x00c8)
-2816,-3084,wall of tile 069718 (room 0x3a),door 0x1d35c8 (preset 0x00c8)
-2816,-3378,wall of tile 069918 (room 0x3a),door 0x1d36c8 (preset 0x00c9)
-2816,-3378,wall of tile 069918 (room 0x3a),door 0x1d36c8 (preset 0x00c9)
-2828,-3378,wall of tile 00D71A (room 0x34),door 0x1d36c8 (preset 0x00c9)
-2816,-3378,wall of tile 00D71A (room 0x34),door 0x1d36c8 (preset 0x00c9)
-2816,-3378,wall of tile 00D71A (room 0x34),door 0x1d36c8 (preset 0x00c9)
-2534,-3877,wall of tile 069B18 (room 0x3a),door 0x1d32c8 (preset 0x00c5)
-2534,-3877,wall of tile 069B18 (room 0x3a),door 0x1d32c8 (preset 0x00c5)
-2534,-3887,wall of tile 00F118 (room 0x33),door 0x1d32c8 (preset 0x00c5)
-1508,-3862,wall of tile 06FA1A (room 0x3a),door 0x1d3ac8 (preset 0x00ca)
-1502,-3862,wall of tile 06FA1A (room 0x3a),door 0x1d3ac8 (preset 0x00ca)
-1502,-3862,wall of tile 06FA1A (room 0x3a),door 0x1d3ac8 (preset 0x00ca)
-1508,-3629,wall of tile 06FA19 (room 0x3a),door 0x1d3bc8 (preset 0x00cb)
-1502,-3629,wall of tile 06FA19 (room 0x3a),door 0x1d3bc8 (preset 0x00cb)
-1508,-3629,wall of tile 06FA19 (room 0x3a),door 0x1d3bc8 (preset 0x00cb)
-1502,-2143,wall of tile 06431A (room 0x38),door 0x1d3cc8 (preset 0x00cc)
-1502,-2143,wall of tile 08091A (room 0x39),door 0x1d3cc8 (preset 0x00cc)
-2573,-1894,wall of tile 079D1A (room 0x39),wall of tile 04AB22 (room 0x3d)
-1509,-1930,wall of tile 08111A (room 0x39),door 0x1d3dc8 (preset 0x00cd)
-1502,-1930,wall of tile 063B1A (room 0x38),door 0x1d3dc8 (preset 0x00cd)
-1502,-1484,wall of tile 011E18 (room 0x38),door 0x1d26c8 (preset 0x012c)
-1502,-1484,wall of tile 011E18 (room 0x38),door 0x1d26c8 (preset 0x012c)
-1395,-1471,wall of tile 10A40A (room 0x0c),door 0x1d26c8 (preset 0x012c)
-1395,-1484,wall of tile 011D18 (room 0x38),door 0x1d26c8 (preset 0x012c)
-1502,-1471,wall of tile 10A409 (room 0x0c),door 0x1d26c8 (preset 0x012c)
-1502,-1484,wall of tile 10A409 (room 0x0c),door 0x1d26c8 (preset 0x012c)
-1502,-1471,wall of tile 10A409 (room 0x0c),door 0x1d26c8 (preset 0x012c)
-1340,-1395,wall of tile 10E008 (room 0x0c),door 0x1d3fc8 (preset 0x0132)
-1340,-1395,wall of tile 10E008 (room 0x0c),door 0x1d3fc8 (preset 0x0132)
-1537,-40,wall of tile 1A260A (room 0x17),generic 0x1cceec (preset 0x2809)
-1537,-40,wall of tile 1A260A (room 0x17),generic 0x1ccf6c (preset 0x280a)
-1549,-18,wall of tile 1A2C08 (room 0x17),generic 0x1cceec (preset 0x2809)
-1549,-18,wall of tile 1A2C08 (room 0x17),generic 0x1ccf6c (preset 0x280a)
-1845,124,wall of tile 1A0D0A (room 0x17),door 0x1d27c8 (preset 0x012d)
-1845,124,wall of tile 1A0D0A (room 0x17),door 0x1d27c8 (preset 0x012d)
-1845,124,wall of tile 1A0D0A (room 0x17),door 0x1d27c8 (preset 0x012d)
-1845,18,wall of tile 1A0D09 (room 0x17),door 0x1d27c8 (preset 0x012d)
-1845,18,wall of tile 1A0D09 (room 0x17),door 0x1d27c8 (preset 0x012d)
-1859,18,wall of tile 0BEB08 (room 0x14),door 0x1d27c8 (preset 0x012d)
-1859,18,wall of tile 0BEB08 (room 0x14),door 0x1d27c8 (preset 0x012d)
-697,600,wall of tile 0BC608 (room 0x1a),generic 0x1cc16c (preset 0x27e3)
-697,695,wall of tile 0BC608 (room 0x1a),generic 0x1cc16c (preset 0x27e3)
-697,1075,wall of tile 0BA608 (room 0x23),generic 0x1cc1ec (preset 0x27e4)
-697,1170,wall of tile 0BA608 (room 0x23),generic 0x1cc1ec (preset 0x27e4)
-697,1095,wall of tile 0BA608 (room 0x23),generic 0x1cc3ec (preset 0x27e8)
-697,1173,wall of tile 0BA608 (room 0x23),generic 0x1cc3ec (preset 0x27e8)
-679,1322,wall of tile 1AFC08 (room 0x22),door 0x1d2ac8 (preset 0x0130)
-679,1322,wall of tile 1AFC08 (room 0x22),door 0x1d2ac8 (preset 0x0130)
-679,1216,wall of tile 1AFC08 (room 0x22),door 0x1d2ac8 (preset 0x0130)
-679,1216,wall of tile 1AFC08 (room 0x22),door 0x1d2ac8 (preset 0x0130)
-679,1216,wall of tile 0BD10A (room 0x16),door 0x1d2ac8 (preset 0x0130)
-679,1216,wall of tile 0BD10A (room 0x16),door 0x1d2ac8 (preset 0x0130)
-665,1216,wall of tile 0BD10A (room 0x16),door 0x1d2ac8 (preset 0x0130)
-665,1216,wall of tile 0BD10A (room 0x16),door 0x1d2ac8 (preset 0x0130)
-665,1322,wall of tile 0BD109 (room 0x16),door 0x1d2ac8 (preset 0x0130)
-665,1322,wall of tile 0BD109 (room 0x16),door 0x1d2ac8 (preset 0x0130)
-679,1322,wall of tile 0BD109 (room 0x16),door 0x1d2ac8 (preset 0x0130)
-370,1216,wall of tile 107009 (room 0x16),door 0x1d29c8 (preset 0x012f)
-370,1216,wall of tile 107009 (room 0x16),door 0x1d29c8 (preset 0x012f)
-357,1216,wall of tile 107009 (room 0x16),door 0x1d29c8 (preset 0x012f)
-370,1322,wall of tile 10700A (room 0x16),door 0x1d29c8 (preset 0x012f)
-357,1322,wall of tile 10700A (room 0x16),door 0x1d29c8 (preset 0x012f)
-357,1322,wall of tile 10700A (room 0x16),door 0x1d29c8 (preset 0x012f)
-370,1322,wall of tile 10700A (room 0x16),door 0x1d29c8 (preset 0x012f)
-357,1216,wall of tile 1A210A (room 0x0e),door 0x1d29c8 (preset 0x012f)
-357,1322,wall of tile 1A210A (room 0x0e),door 0x1d29c8 (preset 0x012f)
-357,1322,wall of tile 1A210A (room 0x0e),door 0x1d29c8 (preset 0x012f)
-320,1130,wall of tile 1B0409 (room 0x0e),generic 0x1d14f0 (preset 0x27f8)
-320,1121,wall of tile 1B0308 (room 0x0e),generic 0x1d14f0 (preset 0x27f8)
-626,215,wall of tile 019E0A (room 0x29),wall of tile 092308 (room 0x2a)
-304,858,wall of tile 1A1E09 (room 0x0b),door 0x1d28c8 (preset 0x012e)
-304,845,wall of tile 1A1E09 (room 0x0b),door 0x1d28c8 (preset 0x012e)
-304,845,wall of tile 1A1E09 (room 0x0b),door 0x1d28c8 (preset 0x012e)
-304,858,wall of tile 1A1E09 (room 0x0b),door 0x1d28c8 (preset 0x012e)
-393,1448,wall of tile 1AA40A (room 0x0a),door 0x1d40c8 (preset 0x0133)
-393,1448,wall of tile 1AA40A (room 0x0a),door 0x1d40c8 (preset 0x0133)
-393,1251,wall of tile 1AA409 (room 0x0a),door 0x1d40c8 (preset 0x0133)
-393,1251,wall of tile 1AA409 (room 0x0a),door 0x1d40c8 (preset 0x0133)
-406,1448,wall of tile 015228 (room 0x3e),door 0x1d40c8 (preset 0x0133)
-393,1448,wall of tile 015228 (room 0x3e),door 0x1d40c8 (preset 0x0133)
-406,1448,wall of tile 015228 (room 0x3e),door 0x1d40c8 (preset 0x0133)
-406,1251,wall of tile 015128 (room 0x3e),door 0x1d40c8 (preset 0x0133)
-406,1251,wall of tile 015128 (room 0x3e),door 0x1d40c8 (preset 0x0133)
-393,1251,wall of tile 015128 (room 0x3e),door 0x1d40c8 (preset 0x0133)
-1612,1227,wall of tile 1B1308 (room 0x10),generic 0x1ccb6c (preset 0x2800)
-1617,1243,wall of tile 1B1308 (room 0x10),generic 0x1ccb6c (preset 0x2800)
-1859,1278,wall of tile 1B1408 (room 0x10),generic 0x1d1c30 (preset 0x2816)
-1884,1279,wall of tile 1B1408 (room 0x10),generic 0x1d1c30 (preset 0x2816)
-1853,1278,wall of tile 1B1408 (room 0x10),generic 0x1d1cb0 (preset 0x2817)
-1798,1275,wall of tile 1B1408 (room 0x10),generic 0x1d1cb0 (preset 0x2817)
-357,-1395,wall of tile 1AF408 (room 0x0d),door 0x1d3ec8 (preset 0x0131)
-370,-1395,wall of tile 009730 (room 0x3f),door 0x1d3ec8 (preset 0x0131)
-370,-1395,wall of tile 009730 (room 0x3f),door 0x1d3ec8 (preset 0x0131)
-357,-1395,wall of tile 009730 (room 0x3f),door 0x1d3ec8 (preset 0x0131)
-1340,-1395,wall of tile 009132 (room 0x3f),door 0x1d3fc8 (preset 0x0132)
-1340,-1395,wall of tile 009132 (room 0x3f),door 0x1d3fc8 (preset 0x0132)
-1326,-1395,wall of tile 009132 (room 0x3f),door 0x1d3fc8 (preset 0x0132)
-1326,-1395,wall of tile 009132 (room 0x3f),door 0x1d3fc8 (preset 0x0132)
-304,-1471,wall of tile 110D09 (room 0x0d),door 0x1d25c8 (preset 0x012b)
-304,-1484,wall of tile 110D09 (room 0x0d),door 0x1d25c8 (preset 0x012b)
-304,-1471,wall of tile 110D09 (room 0x0d),door 0x1d25c8 (preset 0x012b)
-304,-1484,wall of tile 009118 (room 0x37),door 0x1d25c8 (preset 0x012b)
-304,-1484,wall of tile 009118 (room 0x37),door 0x1d25c8 (preset 0x012b)
197,-2895,wall of tile 01791A (room 0x37),glass 0x1d42c8 (preset 0x2719)
197,-2895,wall of tile 01791A (room 0x37),glass 0x1d42c8 (preset 0x2719)
197,-2895,wall of tile 01791A (room 0x37),glass 0x1d42c8 (preset 0x2719)
197,-2895,wall of tile 01791A (room 0x37),glass 0x1d4548 (preset 0x2718)
197,-2895,wall of tile 01791A (room 0x37),glass 0x1d4548 (preset 0x2718)
197,-2895,wall of tile 01791A (room 0x37),glass 0x1d4548 (preset 0x2718)
197,-2467,wall of tile 017019 (room 0x37),glass 0x1d4348 (preset 0x271a)
197,-2467,wall of tile 017019 (room 0x37),glass 0x1d4348 (preset 0x271a)
197,-2467,wall of tile 017019 (room 0x37),glass 0x1d4348 (preset 0x271a)
197,-2573,wall of tile 01701A (room 0x37),glass 0x1d4348 (preset 0x271a)
197,-2573,wall of tile 01701A (room 0x37),glass 0x1d4348 (preset 0x271a)
197,-2573,wall of tile 01701A (room 0x37),glass 0x1d4348 (preset 0x271a)
197,-2145,wall of tile 015E1A (room 0x37),glass 0x1d43c8 (preset 0x271b)
197,-2145,wall of tile 015E1A (room 0x37),glass 0x1d43c8 (preset 0x271b)
197,-2145,wall of tile 015E1A (room 0x37),glass 0x1d43c8 (preset 0x271b)
-1502,-2780,wall of tile 04A511 (room 0x32),door 0x1d37c8 (preset 0x0083)
-1502,-2780,wall of tile 04A511 (room 0x32),door 0x1d37c8 (preset 0x0083)
-517,-1866,wall of tile 050512 (room 0x32),door 0x1d38c8 (preset 0x0084)
-517,-1866,wall of tile 050512 (room 0x32),door 0x1d38c8 (preset 0x0084)
-517,-1866,wall of tile 050512 (room 0x32),door 0x1d38c8 (preset 0x0084)
-517,-1853,wall of tile 050512 (room 0x32),door 0x1d38c8 (preset 0x0084)
-517,-1853,wall of tile 017110 (room 0x30),door 0x1d38c8 (preset 0x0084)
-517,-1853,wall of tile 017110 (room 0x30),door 0x1d38c8 (preset 0x0084)
-393,-1618,wall of tile 04D310 (room 0x30),door 0x1d39c8 (preset 0x0085)
-393,-1618,wall of tile 04D310 (room 0x30),door 0x1d39c8 (preset 0x0085)
-2816,-3887,wall of tile 03CC10 (room 0x2b),door 0x1d2ec8 (preset 0x007f)
-2816,-3877,wall of tile 03CC10 (room 0x2b),door 0x1d2ec8 (preset 0x007f)
-2816,-3887,wall of tile 039B10 (room 0x2d),door 0x1d2ec8 (preset 0x007f)
-2360,-3877,wall of tile 01BB10 (room 0x2b),door 0x1d2bc8 (preset 0x007c)
-2360,-3877,wall of tile 01BB10 (room 0x2b),door 0x1d2bc8 (preset 0x007c)
-2360,-3887,wall of tile 01C610 (room 0x2d),door 0x1d2bc8 (preset 0x007c)
197,-2895,wall of tile 022312 (room 0x2f),glass 0x1d42c8 (preset 0x2719)
197,-2895,wall of tile 022312 (room 0x2f),glass 0x1d42c8 (preset 0x2719)
197,-2895,wall of tile 022312 (room 0x2f),glass 0x1d42c8 (preset 0x2719)
197,-2895,wall of tile 022312 (room 0x2f),glass 0x1d4548 (preset 0x2718)
197,-2895,wall of tile 022312 (room 0x2f),glass 0x1d4548 (preset 0x2718)
197,-2895,wall of tile 022312 (room 0x2f),glass 0x1d4548 (preset 0x2718)
197,-2467,wall of tile 021A11 (room 0x2f),glass 0x1d44c8 (preset 0x2717)
197,-2467,wall of tile 021A11 (room 0x2f),glass 0x1d44c8 (preset 0x2717)
197,-2467,wall of tile 021A11 (room 0x2f),glass 0x1d44c8 (preset 0x2717)
197,-2573,wall of tile 021A12 (room 0x2f),glass 0x1d44c8 (preset 0x2717)
197,-2573,wall of tile 021A12 (room 0x2f),glass 0x1d44c8 (preset 0x2717)
197,-2573,wall of tile 021A12 (room 0x2f),glass 0x1d44c8 (preset 0x2717)
-493,858,generic 0x1cbf6c (preset 0x27df),generic 0x1cbfec (preset 0x27e0)
-493,896,generic 0x1cbf6c (preset 0x27df),generic 0x1cbfec (preset 0x27e0)
-458,854,generic 0x1cbf6c (preset 0x27df),generic 0x1cbfec (preset 0x27e0)
-420,854,generic 0x1cbf6c (preset 0x27df),generic 0x1cbfec (preset 0x27e0)
-416,888,generic 0x1cbf6c (preset 0x27df),generic 0x1cbfec (preset 0x27e0)
-416,926,generic 0x1cbf6c (preset 0x27df),generic 0x1cbfec (preset 0x27e0)
-452,929,generic 0x1cbf6c (preset 0x27df),generic 0x1cbfec (preset 0x27e0)
-490,929,generic 0x1cbf6c (preset 0x27df),generic 0x1cbfec (preset 0x27e0)
-783,1084,generic 0x1cc1ec (preset 0x27e4),generic 0x1cc3ec (preset 0x27e8)
-689,1170,generic 0x1cc1ec (preset 0x27e4),generic 0x1cc3ec (preset 0x27e8)
-888,1049,generic 0x1cc26c (preset 0x27e5),generic 0x1cc46c (preset 0x27e9)
-888,1125,generic 0x1cc26c (preset 0x27e5),generic 0x1cc46c (preset 0x27e9)
-857,1046,generic 0x1cc26c (preset 0x27e5),generic 0x1cc46c (preset 0x27e9)
-801,1046,generic 0x1cc26c (preset 0x27e5),generic 0x1cc46c (preset 0x27e9)
-793,1118,generic 0x1cc26c (preset 0x27e5),generic 0x1cc46c (preset 0x27e9)
-793,1137,generic 0x1cc26c (preset 0x27e5),generic 0x1cc46c (preset 0x27e9)
-847,1143,generic 0x1cc26c (preset 0x27e5),generic 0x1cc46c (preset 0x27e9)
-886,1142,generic 0x1cc26c (preset 0x27e5),generic 0x1cc46c (preset 0x27e9)
-981,861,generic 0x1cc2ec (preset 0x27e6),generic 0x1cc4ec (preset 0x27ea)
-884,926,generic 0x1cc2ec (preset 0x27e6),generic 0x1cc4ec (preset 0x27ea)
-1906,945,generic 0x1cc66c (preset 0x27ee),generic 0x1cc86c (preset 0x27f2)
-1901,945,generic 0x1cc66c (preset 0x27ee),generic 0x1cc86c (preset 0x27f2)
-1847,977,generic 0x1cc66c (preset 0x27ee),generic 0x1cc86c (preset 0x27f2)
-1847,982,generic 0x1cc66c (preset 0x27ee),generic 0x1cc86c (preset 0x27f2)
-1825,1099,generic 0x1cc6ec (preset 0x27ef),generic 0x1cc7ec (preset 0x27f1)
-1825,1109,generic 0x1cc6ec (preset 0x27ef),generic 0x1cc7ec (preset 0x27f1)
-1788,1061,generic 0x1cc6ec (preset 0x27ef),generic 0x1cc7ec (preset 0x27f1)
-1774,1061,generic 0x1cc6ec (preset 0x27ef),generic 0x1cc7ec (preset 0x27f1)
-2056,1388,generic 0x1cc76c (preset 0x27f0),generic 0x1cca6c (preset 0x27f6)
-2043,1340,generic 0x1cc76c (preset 0x27f0),generic 0x1cca6c (preset 0x27f6)
-1968,1340,generic 0x1cc76c (preset 0x27f0),generic 0x1cca6c (preset 0x27f6)
-1959,1342,generic 0x1cc76c (preset 0x27f0),generic 0x1cca6c (preset 0x27f6)
-1959,1396,generic 0x1cc76c (preset 0x27f0),generic 0x1cca6c (preset 0x27f6)
-1970,1435,generic 0x1cc76c (preset 0x27f0),generic 0x1cca6c (preset 0x27f6)
-2056,1419,generic 0x1cc76c (preset 0x27f0),generic 0x1cca6c (preset 0x27f6)
-1998,1435,generic 0x1cc76c (preset 0x27f0),generic 0x1cca6c (preset 0x27f6)
-2052,1258,generic 0x1cc8ec (preset 0x27f3),generic 0x1cc9ec (preset 0x27f5)
-2052,1296,generic 0x1cc8ec (preset 0x27f3),generic 0x1cc9ec (preset 0x27f5)
-2031,1221,generic 0x1cc8ec (preset 0x27f3),generic 0x1cc9ec (preset 0x27f5)
-1990,1221,generic 0x1cc8ec (preset 0x27f3),generic 0x1cc9ec (preset 0x27f5)
-1953,1243,generic 0x1cc8ec (preset 0x27f3),generic 0x1cc9ec (preset 0x27f5)
-1953,1285,generic 0x1cc8ec (preset 0x27f3),generic 0x1cc9ec (preset 0x27f5)
-1973,1318,generic 0x1cc8ec (preset 0x27f3),generic 0x1cc9ec (preset 0x27f5)
-2013,1318,generic 0x1cc8ec (preset 0x27f3),generic 0x1cc9ec (preset 0x27f5)
-1553,1247,generic 0x1ccc6c (preset 0x2804),generic 0x1cccec (preset 0x2805)
-1553,1247,generic 0x1ccc6c (preset 0x2804),generic 0x1cccec (preset 0x2805)
-1553,1247,generic 0x1ccc6c (preset 0x2804),generic 0x1cccec (preset 0x2805)
-1553,1247,generic 0x1ccc6c (preset 0x2804),generic 0x1cccec (preset 0x2805)
-1553,1247,generic 0x1ccc6c (preset 0x2804),generic 0x1cccec (preset 0x2805)
-1456,1152,generic 0x1ccc6c (preset 0x2804),generic 0x1cccec (preset 0x2805)
-1456,1152,generic 0x1ccc6c (preset 0x2804),generic 0x1cccec (preset 0x2805)
-1456,1152,generic 0x1ccc6c (preset 0x2804),generic 0x1cccec (preset 0x2805)
-1456,1152,generic 0x1ccc6c (preset 0x2804),generic 0x1cccec (preset 0x2805)
-1456,1152,generic 0x1ccc6c (preset 0x2804),generic 0x1cccec (preset 0x2805)
-1456,1152,generic 0x1ccc6c (preset 0x2804),generic 0x1cccec (preset 0x2805)
-1456,1152,generic 0x1ccc6c (preset 0x2804),generic 0x1cccec (preset 0x2805)
-1553,1247,generic 0x1ccc6c (preset 0x2804),generic 0x1cccec (preset 0x2805)
-1553,1247,generic 0x1ccc6c (preset 0x2804),generic 0x1cccec (preset 0x2805)
-1453,1247,generic 0x1ccd6c (preset 0x2806),generic 0x1ccdec (preset 0x2807)
-1453,1247,generic 0x1ccd6c (preset 0x2806),generic 0x1ccdec (preset 0x2807)
-1453,1247,generic 0x1ccd6c (preset 0x2806),generic 0x1ccdec (preset 0x2807)
-1453,1247,generic 0x1ccd6c (preset 0x2806),generic 0x1ccdec (preset 0x2807)
-1453,1247,generic 0x1ccd6c (preset 0x2806),generic 0x1ccdec (preset 0x2807)
-1452,1152,generic 0x1ccd6c (preset 0x2806),generic 0x1ccdec (preset 0x2807)
-1452,1152,generic 0x1ccd6c (preset 0x2806),generic 0x1ccdec (preset 0x2807)
-1452,1152,generic 0x1ccd6c (preset 0x2806),generic 0x1ccdec (preset 0x2807)
-1355,1152,generic 0x1ccd6c (preset 0x2806),generic 0x1ccdec (preset 0x2807)
-1355,1152,generic 0x1ccd6c (preset 0x2806),generic 0x1ccdec (preset 0x2807)
-1355,1152,generic 0x1ccd6c (preset 0x2806),generic 0x1ccdec (preset 0x2807)
-1355,1152,generic 0x1ccd6c (preset 0x2806),generic 0x1ccdec (preset 0x2807)
-1355,1152,generic 0x1ccd6c (preset 0x2806),generic 0x1ccdec (preset 0x2807)
-1355,1152,generic 0x1ccd6c (preset 0x2806),generic 0x1ccdec (preset 0x2807)
-1356,1247,generic 0x1ccd6c (preset 0x2806),generic 0x1ccdec (preset 0x2807)
-1453,1247,generic 0x1ccd6c (preset 0x2806),generic 0x1ccdec (preset 0x2807)
-1356,1247,generic 0x1ccd6c (preset 0x2806),generic 0x1ccdec (preset 0x2807)
-1356,1247,generic 0x1ccd6c (preset 0x2806),generic 0x1ccdec (preset 0x2807)
-1549,57,generic 0x1cceec (preset 0x2809),generic 0x1ccf6c (preset 0x280a)
-1549,-40,generic 0x1cceec (preset 0x2809),generic 0x1ccf6c (preset 0x280a)
-1549,57,generic 0x1cceec (preset 0x2809),generic 0x1ccf6c (preset 0x280a)
-1549,-40,generic 0x1cceec (preset 0x2809),generic 0x1ccf6c (preset 0x280a)
-1549,-40,generic 0x1cceec (preset 0x2809),generic 0x1ccf6c (preset 0x280a)
-1549,-40,generic 0x1cceec (preset 0x2809),generic 0x1ccf6c (preset 0x280a)
-1549,-40,generic 0x1cceec (preset 0x2809),generic 0x1ccf6c (preset 0x280a)
-1549,-40,generic 0x1cceec (preset 0x2809),generic 0x1ccf6c (preset 0x280a)
-1454,-39,generic 0x1cceec (preset 0x2809),generic 0x1ccf6c (preset 0x280a)
-1454,-39,generic 0x1cceec (preset 0x2809),generic 0x1ccf6c (preset 0x280a)
-1454,-39,generic 0x1cceec (preset 0x2809),generic 0x1ccf6c (preset 0x280a)
-1454,57,generic 0x1cceec (preset 0x2809),generic 0x1ccf6c (preset 0x280a)
-1454,57,generic 0x1cceec (preset 0x2809),generic 0x1ccf6c (preset 0x280a)
-1454,57,generic 0x1cceec (preset 0x2809),generic 0x1ccf6c (preset 0x280a)
-1454,57,generic 0x1cceec (preset 0x2809),generic 0x1ccf6c (preset 0x280a)
-1549,57,generic 0x1cceec (preset 0x2809),generic 0x1ccf6c (preset 0x280a)
-1454,57,generic 0x1cceec (preset 0x2809),generic 0x1ccf6c (preset 0x280a)
-1454,57,generic 0x1cceec (preset 0x2809),generic 0x1ccf6c (preset 0x280a)
-1547,-738,generic 0x1cd06c (preset 0x280c),generic 0x1cd0ec (preset 0x280d)
-1547,-700,generic 0x1cd06c (preset 0x280c),generic 0x1cd0ec (preset 0x280d)
-1492,-744,generic 0x1cd06c (preset 0x280c),generic 0x1cd0ec (preset 0x280d)
-1454,-744,generic 0x1cd06c (preset 0x280c),generic 0x1cd0ec (preset 0x280d)
-1448,-691,generic 0x1cd06c (preset 0x280c),generic 0x1cd0ec (preset 0x280d)
-1448,-653,generic 0x1cd06c (preset 0x280c),generic 0x1cd0ec (preset 0x280d)
-1485,-649,generic 0x1cd06c (preset 0x280c),generic 0x1cd0ec (preset 0x280d)
-1542,-649,generic 0x1cd06c (preset 0x280c),generic 0x1cd0ec (preset 0x280d)
-503,-22,generic 0x1cd1ec (preset 0x280f),generic 0x1cd26c (preset 0x2810)
-503,18,generic 0x1cd1ec (preset 0x280f),generic 0x1cd26c (preset 0x2810)
-467,-26,generic 0x1cd1ec (preset 0x280f),generic 0x1cd26c (preset 0x2810)
-410,-26,generic 0x1cd1ec (preset 0x280f),generic 0x1cd26c (preset 0x2810)
-404,26,generic 0x1cd1ec (preset 0x280f),generic 0x1cd26c (preset 0x2810)
-404,64,generic 0x1cd1ec (preset 0x280f),generic 0x1cd26c (preset 0x2810)
-460,69,generic 0x1cd1ec (preset 0x280f),generic 0x1cd26c (preset 0x2810)
-498,69,generic 0x1cd1ec (preset 0x280f),generic 0x1cd26c (preset 0x2810)
-130,1485,generic 0x1cd2ec (preset 0x2811),generic 0x1cd3ec (preset 0x2813)
-98,1395,generic 0x1cd2ec (preset 0x2811),generic 0x1cd3ec (preset 0x2813)
-37,1517,generic 0x1cd2ec (preset 0x2811),generic 0x1cd3ec (preset 0x2813)
-38,1517,generic 0x1cd2ec (preset 0x2811),generic 0x1cd3ec (preset 0x2813)
-2072,-1716,generic 0x1cd46c (preset 0x272c),generic 0x1cd4ec (preset 0x272d)
-1996,-1618,generic 0x1cd46c (preset 0x272c),generic 0x1cd4ec (preset 0x272d)
-2074,-1621,generic 0x1cd46c (preset 0x272c),generic 0x1cd4ec (preset 0x272d)
-2064,-1620,generic 0x1cd46c (preset 0x272c),generic 0x1cd4ec (preset 0x272d)
-652,-3659,generic 0x1cd5ec (preset 0x272f),generic 0x1cd66c (preset 0x2730)
-690,-3643,generic 0x1cd5ec (preset 0x272f),generic 0x1cd66c (preset 0x2730)
-604,-3673,generic 0x1cd5ec (preset 0x272f),generic 0x1cd66c (preset 0x2730)
-587,-3634,generic 0x1cd5ec (preset 0x272f),generic 0x1cd66c (preset 0x2730)
-574,-3586,generic 0x1cd5ec (preset 0x272f),generic 0x1cd66c (preset 0x2730)
-620,-3566,generic 0x1cd5ec (preset 0x272f),generic 0x1cd66c (preset 0x2730)
-659,-3556,generic 0x1cd5ec (preset 0x272f),generic 0x1cd66c (preset 0x2730)
-679,-3605,generic 0x1cd5ec (preset 0x272f),generic 0x1cd66c (preset 0x2730)
14,-3075,generic 0x1cd7ec (preset 0x2736),generic 0x1cd86c (preset 0x2737)
75,-2980,generic 0x1cd7ec (preset 0x2736),generic 0x1cd86c (preset 0x2737)
-821,-1398,generic 0x1cdaec (preset 0x273c),generic 0x1cdb6c (preset 0x273d)
-744,-1301,generic 0x1cdaec (preset 0x273c),generic 0x1cdb6c (preset 0x273d)
-823,-1303,generic 0x1cdaec (preset 0x273c),generic 0x1cdb6c (preset 0x273d)
-813,-1302,generic 0x1cdaec (preset 0x273c),generic 0x1cdb6c (preset 0x273d)
-904,-995,generic 0x1cddec (preset 0x2742),generic 0x1cde6c (preset 0x2743)
-828,-898,generic 0x1cddec (preset 0x2742),generic 0x1cde6c (preset 0x2743)
-906,-901,generic 0x1cddec (preset 0x2742),generic 0x1cde6c (preset 0x2743)
-896,-900,generic 0x1cddec (preset 0x2742),generic 0x1cde6c (preset 0x2743)
-797,-1027,generic 0x1cdf6c (preset 0x2745),generic 0x1cdfec (preset 0x2746)
-720,-930,generic 0x1cdf6c (preset 0x2745),generic 0x1cdfec (preset 0x2746)
-779,-1135,generic 0x1ce06c (preset 0x2747),generic 0x1ce0ec (preset 0x2748)
-685,-1042,generic 0x1ce06c (preset 0x2747),generic 0x1ce0ec (preset 0x2748)
-941,-588,generic 0x1ce1ec (preset 0x274a),generic 0x1ce26c (preset 0x274b)
-927,-682,generic 0x1ce1ec (preset 0x274a),generic 0x1ce26c (preset 0x274b)
-901,-585,generic 0x1ce1ec (preset 0x274a),generic 0x1ce26c (preset 0x274b)
-928,-586,generic 0x1ce1ec (preset 0x274a),generic 0x1ce26c (preset 0x274b)
-2716,-2123,generic 0x1ce36c (preset 0x274e),generic 0x1cecec (preset 0x2767)
-2717,-2089,generic 0x1ce36c (preset 0x274e),generic 0x1cecec (preset 0x2767)
-2717,-2084,generic 0x1ce36c (preset 0x274e),generic 0x1ced6c (preset 0x2768)
-2715,-2182,generic 0x1ce36c (preset 0x274e),generic 0x1ced6c (preset 0x2768)
-2717,-2084,generic 0x1ce36c (preset 0x274e),generic 0x1ced6c (preset 0x2768)
-2715,-2182,generic 0x1ce36c (preset 0x274e),generic 0x1ced6c (preset 0x2768)
-2715,-2182,generic 0x1ce36c (preset 0x274e),generic 0x1ced6c (preset 0x2768)
-2715,-2182,generic 0x1ce36c (preset 0x274e),generic 0x1ced6c (preset 0x2768)
-2708,-2182,generic 0x1ce36c (preset 0x274e),generic 0x1cecec (preset 0x2767)
-2663,-2181,generic 0x1ce36c (preset 0x274e),generic 0x1cecec (preset 0x2767)
-2715,-2182,generic 0x1ce36c (preset 0x274e),generic 0x1ced6c (preset 0x2768)
-2715,-2182,generic 0x1ce36c (preset 0x274e),generic 0x1ced6c (preset 0x2768)
-2618,-2180,generic 0x1ce36c (preset 0x274e),generic 0x1ced6c (preset 0x2768)
-2619,-2175,generic 0x1ce36c (preset 0x274e),generic 0x1cecec (preset 0x2767)
-2619,-2141,generic 0x1ce36c (preset 0x274e),generic 0x1cecec (preset 0x2767)
-2618,-2180,generic 0x1ce36c (preset 0x274e),generic 0x1ced6c (preset 0x2768)
-2618,-2180,generic 0x1ce36c (preset 0x274e),generic 0x1ced6c (preset 0x2768)
-2620,-2082,generic 0x1ce36c (preset 0x274e),generic 0x1ced6c (preset 0x2768)
-2620,-2082,generic 0x1ce36c (preset 0x274e),generic 0x1ced6c (preset 0x2768)
-2620,-2082,generic 0x1ce36c (preset 0x274e),generic 0x1ced6c (preset 0x2768)
-2620,-2082,generic 0x1ce36c (preset 0x274e),generic 0x1ced6c (preset 0x2768)
-2628,-2082,generic 0x1ce36c (preset 0x274e),generic 0x1cecec (preset 0x2767)
-2674,-2083,generic 0x1ce36c (preset 0x274e),generic 0x1cecec (preset 0x2767)
-2717,-2084,generic 0x1ce36c (preset 0x274e),generic 0x1ced6c (preset 0x2768)
-2620,-2082,generic 0x1ce36c (preset 0x274e),generic 0x1ced6c (preset 0x2768)
-2620,-2082,generic 0x1ce36c (preset 0x274e),generic 0x1ced6c (preset 0x2768)
-3472,-2362,generic 0x1ce56c (preset 0x2752),generic 0x1ce66c (preset 0x2754)
-3472,-2339,generic 0x1ce56c (preset 0x2752),generic 0x1ce66c (preset 0x2754)
-3447,-2319,generic 0x1ce5ec (preset 0x2753),generic 0x1ce66c (preset 0x2754)
-3384,-2392,generic 0x1ce5ec (preset 0x2753),generic 0x1ce66c (preset 0x2754)
-3351,-2366,generic 0x1ce5ec (preset 0x2753),generic 0x1ce66c (preset 0x2754)
-3351,-2356,generic 0x1ce5ec (preset 0x2753),generic 0x1ce66c (preset 0x2754)
-3400,-2294,generic 0x1ce5ec (preset 0x2753),generic 0x1ce66c (preset 0x2754)
-3415,-2294,generic 0x1ce5ec (preset 0x2753),generic 0x1ce66c (preset 0x2754)
-3344,-2358,generic 0x1ce6ec (preset 0x2755),generic 0x1ce76c (preset 0x2756)
-3345,-2308,generic 0x1ce6ec (preset 0x2755),generic 0x1ce76c (preset 0x2756)
-3338,-2399,generic 0x1ce6ec (preset 0x2755),generic 0x1ce76c (preset 0x2756)
-3286,-2398,generic 0x1ce6ec (preset 0x2755),generic 0x1ce76c (preset 0x2756)
-3246,-2393,generic 0x1ce6ec (preset 0x2755),generic 0x1ce76c (preset 0x2756)
-3247,-2358,generic 0x1ce6ec (preset 0x2755),generic 0x1ce76c (preset 0x2756)
-3255,-2301,generic 0x1ce6ec (preset 0x2755),generic 0x1ce76c (preset 0x2756)
-3305,-2302,generic 0x1ce6ec (preset 0x2755),generic 0x1ce76c (preset 0x2756)
-3051,-3093,generic 0x1ce96c (preset 0x275f),generic 0x1ce9ec (preset 0x2760)
-2974,-2996,generic 0x1ce96c (preset 0x275f),generic 0x1ce9ec (preset 0x2760)
-2924,-2132,generic 0x1cebec (preset 0x2765),generic 0x1cec6c (preset 0x2766)
-2848,-2035,generic 0x1cebec (preset 0x2765),generic 0x1cec6c (preset 0x2766)
-2716,-2123,generic 0x1cecec (preset 0x2767),generic 0x1ced6c (preset 0x2768)
-2708,-2182,generic 0x1cecec (preset 0x2767),generic 0x1ced6c (preset 0x2768)
-2663,-2181,generic 0x1cecec (preset 0x2767),generic 0x1ced6c (preset 0x2768)
-2619,-2175,generic 0x1cecec (preset 0x2767),generic 0x1ced6c (preset 0x2768)
-2619,-2141,generic 0x1cecec (preset 0x2767),generic 0x1ced6c (preset 0x2768)
-2628,-2082,generic 0x1cecec (preset 0x2767),generic 0x1ced6c (preset 0x2768)
-2717,-2089,generic 0x1cecec (preset 0x2767),generic 0x1ced6c (preset 0x2768)
-2674,-2083,generic 0x1cecec (preset 0x2767),generic 0x1ced6c (preset 0x2768)
-2705,-2809,generic 0x1cedec (preset 0x276b),generic 0x1cee6c (preset 0x276c)
-2629,-2712,generic 0x1cedec (preset 0x276b),generic 0x1cee6c (preset 0x276c)
-2820,-3993,generic 0x1cef6c (preset 0x276e),generic 0x1cefec (preset 0x276f)
-2821,-3922,generic 0x1cef6c (preset 0x276e),generic 0x1cefec (preset 0x276f)
-2799,-3999,generic 0x1cef6c (preset 0x276e),generic 0x1cefec (preset 0x276f)
-2740,-3998,generic 0x1cef6c (preset 0x276e),generic 0x1cefec (preset 0x276f)
-2726,-3948,generic 0x1cef6c (preset 0x276e),generic 0x1cefec (preset 0x276f)
-2727,-3920,generic 0x1cef6c (preset 0x276e),generic 0x1cefec (preset 0x276f)
-2795,-3901,generic 0x1cef6c (preset 0x276e),generic 0x1cefec (preset 0x276f)
-2815,-3901,generic 0x1cef6c (preset 0x276e),generic 0x1cefec (preset 0x276f)
-2764,-3855,generic 0x1cf06c (preset 0x2770),generic 0x1cf0ec (preset 0x2771)
-2757,-3855,generic 0x1cf06c (preset 0x2770),generic 0x1cf0ec (preset 0x2771)
-2689,-3835,generic 0x1cf06c (preset 0x2770),generic 0x1cf0ec (preset 0x2771)
-2688,-3775,generic 0x1cf06c (preset 0x2770),generic 0x1cf0ec (preset 0x2771)
-2692,-3760,generic 0x1cf06c (preset 0x2770),generic 0x1cf0ec (preset 0x2771)
-2777,-3759,generic 0x1cf06c (preset 0x2770),generic 0x1cf0ec (preset 0x2771)
-2787,-3774,generic 0x1cf06c (preset 0x2770),generic 0x1cf0ec (preset 0x2771)
-2787,-3762,generic 0x1cf06c (preset 0x2770),generic 0x1cf0ec (preset 0x2771)
-3152,-4930,generic 0x1cf1ec (preset 0x2773),generic 0x1cf26c (preset 0x2774)
-3058,-4872,generic 0x1cf1ec (preset 0x2773),generic 0x1cf26c (preset 0x2774)
-3053,-4944,generic 0x1cf26c (preset 0x2774),generic 0x1cf2ec (preset 0x2775)
-3055,-4873,generic 0x1cf26c (preset 0x2774),generic 0x1cf2ec (preset 0x2775)
-2212,-4007,generic 0x1cf96c (preset 0x279e),generic 0x1cfb6c (preset 0x27a3)
-2212,-3976,generic 0x1cf96c (preset 0x279e),generic 0x1cfb6c (preset 0x27a3)
-2155,-4024,generic 0x1cf96c (preset 0x279e),generic 0x1cfb6c (preset 0x27a3)
-2123,-4023,generic 0x1cf96c (preset 0x279e),generic 0x1cfb6c (preset 0x27a3)
-2113,-3989,generic 0x1cf96c (preset 0x279e),generic 0x1cfb6c (preset 0x27a3)
-2113,-3936,generic 0x1cf96c (preset 0x279e),generic 0x1cfb6c (preset 0x27a3)
-2139,-3928,generic 0x1cf96c (preset 0x279e),generic 0x1cfb6c (preset 0x27a3)
-2199,-3929,generic 0x1cf96c (preset 0x279e),generic 0x1cfb6c (preset 0x27a3)
-3574,-1610,generic 0x1cfbec (preset 0x27a7),generic 0x1cfc6c (preset 0x27a8)
-3574,-1536,generic 0x1cfbec (preset 0x27a7),generic 0x1cfc6c (preset 0x27a8)
-3516,-1626,generic 0x1cfbec (preset 0x27a7),generic 0x1cfc6c (preset 0x27a8)
-3500,-1626,generic 0x1cfbec (preset 0x27a7),generic 0x1cfc6c (preset 0x27a8)
-3479,-1551,generic 0x1cfbec (preset 0x27a7),generic 0x1cfc6c (preset 0x27a8)
-3479,-1536,generic 0x1cfbec (preset 0x27a7),generic 0x1cfc6c (preset 0x27a8)
-3503,-1529,generic 0x1cfbec (preset 0x27a7),generic 0x1cfc6c (preset 0x27a8)
-3572,-1529,generic 0x1cfbec (preset 0x27a7),generic 0x1cfc6c (preset 0x27a8)
123,-222,generic 0x1d06ec (preset 0x2839),generic 0x1d11f0 (preset 0x2833)
125,-222,generic 0x1d06ec (preset 0x2839),generic 0x1d11f0 (preset 0x2833)
-2587,-3890,door 0x1d2cc8 (preset 0x007d),door 0x1d2dc8 (preset 0x007e)
-2587,-3877,door 0x1d2cc8 (preset 0x007d),door 0x1d2dc8 (preset 0x007e)
-2587,-3877,door 0x1d2cc8 (preset 0x007d),door 0x1d2dc8 (preset 0x007e)
-2587,-3890,door 0x1d2cc8 (preset 0x007d),door 0x1d2dc8 (preset 0x007e)
-2587,-3890,door 0x1d2cc8 (preset 0x007d),door 0x1d2dc8 (preset 0x007e)
-2587,-3877,door 0x1d2cc8 (preset 0x007d),door 0x1d2dc8 (preset 0x007e)
-2587,-3877,door 0x1d2cc8 (preset 0x007d),door 0x1d2dc8 (preset 0x007e)
