gap,name,status,width_cm,one_float32_step,touching,step_cm,walk_round_cm,x,z,room,between,and,objects_forming_gap,objects_in_the_way,pinches,key
1,,warp,0.000031,yes,,64.14,none found,452,-357,0x07,door 0x1c780c (preset 0x0053),door 0x1c790c (preset 0x0054),0x1c780c 0x1c790c,,5,0x1c780c.0 | 0x1c790c.4
2,,warp,0.000031,yes,,71.60,none found,452,-353,0x06,door 0x1c7a0c (preset 0x0055),door 0x1c7b0c (preset 0x0056),0x1c7a0c 0x1c7b0c,,5,0x1c7a0c.2 | 0x1c7b0c.1
3,,warp,29.382,,,78.48,279,632,1580,0x03,wall of tile 01C900 (room 0x03),generic 0x1ca554 (preset 0x00d4),0x1ca554,,4,01C900.0 | 0x1ca554.0
4,objective A door,warp,0.000015,yes,,93.60,none found,6337,199,0x31,wall of tile 0FD722 (room 0x31),door 0x1c8524 (preset 0x0074),0x1c8524,,4,0FD722.1 | 0x1c8524.0
5,,warp,0.00012,yes,,93.60,none found,7983,-2019,0x3d,wall of tile 032D20 (room 0x3d),door 0x1c8e84 (preset 0x0078),0x1c8e84,,6,032D20.3 | 0x1c8e84.3
6,,warp,27.908,,,112.42,573,711,1654,0x03,generic 0x1ca450 (preset 0x00d3),generic 0x1ca554 (preset 0x00d4),0x1ca450 0x1ca554,,2,0x1ca450.3 | 0x1ca554.1
7,,warp,22.176,,,119.08,none found,983,1618,0x03,generic 0x1ca034 (preset 0x00cf),generic 0x1ca13c (preset 0x00d0),0x1ca034 0x1ca13c,,8,0x1ca034.0 | 0x1ca13c.2
8,,warp,26.365,,,138.29,837,839,1674,0x03,generic 0x1ca13c (preset 0x00d0),generic 0x1ca450 (preset 0x00d3),0x1ca13c 0x1ca450,,2,0x1ca13c.0 | 0x1ca450.1
9,,warp,3.006,,,165.86,none found,573,793,0x05,generic 0x1ca760 (preset 0x00d6),generic 0x1ca970 (preset 0x00d8),0x1ca760 0x1ca970,,3,0x1ca760.0 | 0x1ca970.2
10,theoretical decoder door TAS warp,warp,0.00098,yes,,192.20,none found,8342,-2178,0x3d,wall of tile 0FE422 (room 0x3d),door 0x1c9794 (preset 0x0079),0x1c9794,,5,0FE422.1 | 0x1c9794.1
11,bathroom door meme warp,no warp found,0.000000000020,,,,,-199,-212,0x09,wall of tile 037F02 (room 0x09),door 0x1c6d0c (preset 0x004b),0x1c6d0c,,4,037F02.1 | 0x1c6d0c.1
12,,no warp found,1.484,,,,,1356,544,0x16,wall of tile 009208 (room 0x16),generic 0x1cec60 (preset 0x2729),0x1cec60,,3,009208.1 | 0x1cec60.3
13,,no warp found,2.680,,,,,716,1058,0x05,wall of tile 01D800 (room 0x05),generic 0x1ca868 (preset 0x00d7),0x1ca868,,1,01D800.0 | 0x1ca868.1
14,,no warp found,10.139,,,,,584,682,0x08,wall of tile 01E800 (room 0x08),generic 0x1ca658 (preset 0x00d5),0x1ca658,,1,01E800.1 | 0x1ca658.0
15,,no warp found,10.139,,,,,617,682,0x05,wall of tile 01E100 (room 0x05),generic 0x1ca658 (preset 0x00d5),0x1ca658,,4,01E100.0 | 0x1ca658.0
16,,no warp found,11.047,,,,,-514,261,0x0b,wall of tile 031100 (room 0x0b),generic 0x1cb4b0 (preset 0x00e3),0x1cb4b0,,1,031100.0 | 0x1cb4b0.1
17,,no warp found,11.047,,,,,-556,261,0x0b,wall of tile 031100 (room 0x0b),generic 0x1cb4b0 (preset 0x00e3),0x1cb4b0,,1,031100.0 | 0x1cb4b0.2
18,,no warp found,11.047,,,,,-598,261,0x0b,wall of tile 031100 (room 0x0b),generic 0x1cb4b0 (preset 0x00e3),0x1cb4b0,,1,031100.0 | 0x1cb4b0.3
19,,no warp found,21.562,,,,,1090,194,0x14,generic 0x1cc350 (preset 0x00cb),generic 0x1cc4d0 (preset 0x2720),0x1cc350 0x1cc4d0,,2,0x1cc350.1 | 0x1cc4d0.0
