between,and,width,kept,reason,because_of
wall of tile 00441A (room 0x24),wall of tile 01081A (room 0x1e),59.394,no,the line between them touches another wall,wall of tile 00711A (room 0x24)
wall of tile 011F19 (room 0x1a),wall of tile 00550A (room 0x0c),40.429,no,"the line between them leaves the walkable area (a wall's thickness, or another floor)",
wall of tile 011F19 (room 0x1a),wall of tile 00AF02 (room 0x03),41.066,no,"the line between them leaves the walkable area (a wall's thickness, or another floor)",
wall of tile 011F19 (room 0x1a),wall of tile 00210A (room 0x0c),21.902,no,the far wall faces the other way (it belongs to floor which isn't linked here),
wall of tile 00F31A (room 0x1e),wall of tile 00E902 (room 0x01),33.939,no,the far wall faces the other way (it belongs to floor which isn't linked here),
wall of tile 00F31A (room 0x1e),wall of tile 00A902 (room 0x01),46.667,no,the far wall faces the other way (it belongs to floor which isn't linked here),
wall of tile 00F31A (room 0x1e),wall of tile 00C709 (room 0x0e),38.903,no,the far wall faces the other way (it belongs to floor which isn't linked here),
wall of tile 00F31A (room 0x1e),wall of tile 00CA0A (room 0x0e),46.667,no,the far wall faces the other way (it belongs to floor which isn't linked here),
wall of tile 00F319 (room 0x1e),wall of tile 00E801 (room 0x02),0.891,no,"the line between them leaves the walkable area (a wall's thickness, or another floor)",
wall of tile 00F319 (room 0x1e),wall of tile 00FA0A (room 0x0e),51.361,no,"the line between them leaves the walkable area (a wall's thickness, or another floor)",
wall of tile 00F319 (room 0x1e),wall of tile 00C508 (room 0x0e),16.489,no,"the line between them leaves the walkable area (a wall's thickness, or another floor)",
wall of tile 00F319 (room 0x1e),wall of tile 00C80A (room 0x0e),3.788,no,the far wall faces the other way (it belongs to floor which isn't linked here),
wall of tile 00F41A (room 0x1e),wall of tile 00C80A (room 0x0e),59.722,no,the far wall faces the other way (it belongs to floor which isn't linked here),
wall of tile 01051A (room 0x1f),wall of tile 00EF01 (room 0x01),42.424,no,the far wall faces the other way (it belongs to floor which isn't linked here),
wall of tile 01B019 (room 0x1f),wall of tile 00D408 (room 0x0e),25.552,no,"the line between them leaves the walkable area (a wall's thickness, or another floor)",
wall of tile 01B019 (room 0x1f),wall of tile 00F002 (room 0x02),1.194,no,"the line between them leaves the walkable area (a wall's thickness, or another floor)",
wall of tile 01B01A (room 0x1f),wall of tile 00CE09 (room 0x0e),58.884,no,"the line between them leaves the walkable area (a wall's thickness, or another floor)",
wall of tile 01B01A (room 0x1f),wall of tile 00D408 (room 0x0e),32.914,no,the far wall faces the other way (it belongs to floor which isn't linked here),
wall of tile 01B01A (room 0x1f),wall of tile 00EF01 (room 0x01),33.939,no,the far wall faces the other way (it belongs to floor which isn't linked here),
wall of tile 03971A (room 0x22),wall of tile 088719 (room 0x15),55.314,no,the line between them touches another wall,wall of tile 07C719 (room 0x15)
wall of tile 088418 (room 0x15),wall of tile 07B418 (room 0x15),24.737,no,"the line between them leaves the walkable area (a wall's thickness, or another floor)",
wall of tile 088418 (room 0x15),wall of tile 07B418 (room 0x15),55.314,no,"the line between them leaves the walkable area (a wall's thickness, or another floor)",
wall of tile 088418 (room 0x15),wall of tile 07B418 (room 0x15),24.737,no,"the line between them leaves the walkable area (a wall's thickness, or another floor)",
wall of tile 088418 (room 0x15),wall of tile 07B418 (room 0x15),55.314,no,"the line between them leaves the walkable area (a wall's thickness, or another floor)",
wall of tile 07B518 (room 0x15),wall of tile 088318 (room 0x15),24.737,no,"the line between them leaves the walkable area (a wall's thickness, or another floor)",
wall of tile 07B518 (room 0x15),wall of tile 088318 (room 0x15),24.737,no,"the line between them leaves the walkable area (a wall's thickness, or another floor)",
wall of tile 07B418 (room 0x15),wall of tile 088318 (room 0x15),55.314,no,"the line between them leaves the walkable area (a wall's thickness, or another floor)",
wall of tile 07B418 (room 0x15),wall of tile 088318 (room 0x15),55.314,no,"the line between them leaves the walkable area (a wall's thickness, or another floor)",
wall of tile 011A19 (room 0x19),wall of tile 001A08 (room 0x0c),59.394,no,"the line between them leaves the walkable area (a wall's thickness, or another floor)",
wall of tile 011A19 (room 0x19),wall of tile 002009 (room 0x0c),59.394,no,"the line between them leaves the walkable area (a wall's thickness, or another floor)",
wall of tile 011A19 (room 0x19),wall of tile 007501 (room 0x08),59.394,no,"the line between them leaves the walkable area (a wall's thickness, or another floor)",
wall of tile 01B21A (room 0x21),wall of tile 00E40A (room 0x0a),29.697,no,the far wall faces the other way (it belongs to floor which isn't linked here),
wall of tile 01B21A (room 0x21),wall of tile 00E509 (room 0x0a),42.492,no,"the line between them leaves the walkable area (a wall's thickness, or another floor)",
wall of tile 01B21A (room 0x21),wall of tile 00E60A (room 0x0a),48.371,no,the far wall faces the other way (it belongs to floor which isn't linked here),
wall of tile 01B21A (room 0x21),wall of tile 00AE02 (room 0x05),29.697,no,the far wall faces the other way (it belongs to floor which isn't linked here),
wall of tile 01B21A (room 0x21),wall of tile 017302 (room 0x05),16.970,no,the far wall faces the other way (it belongs to floor which isn't linked here),
wall of tile 01B219 (room 0x21),wall of tile 00E108 (room 0x0a),24.590,no,"the line between them leaves the walkable area (a wall's thickness, or another floor)",
wall of tile 01B219 (room 0x21),wall of tile 017201 (room 0x04),12.295,no,"the line between them leaves the walkable area (a wall's thickness, or another floor)",
wall of tile 02B719 (room 0x23),wall of tile 00E40A (room 0x0a),18.900,no,the far wall faces the other way (it belongs to floor which isn't linked here),
wall of tile 00AB18 (room 0x23),wall of tile 00E60A (room 0x0a),42.424,no,"the line between them leaves the walkable area (a wall's thickness, or another floor)",
wall of tile 00AB18 (room 0x23),wall of tile 00AE02 (room 0x05),42.424,no,"the line between them leaves the walkable area (a wall's thickness, or another floor)",
wall of tile 00AB18 (room 0x23),wall of tile 017302 (room 0x05),55.152,no,"the line between them leaves the walkable area (a wall's thickness, or another floor)",
wall of tile 03721A (room 0x23),wall of tile 00EA09 (room 0x0a),35.227,no,the far wall faces the other way (it belongs to floor which isn't linked here),
wall of tile 03721A (room 0x23),wall of tile 017901 (room 0x05),17.965,no,"the line between them leaves the walkable area (a wall's thickness, or another floor)",
wall of tile 035E1A (room 0x23),wall of tile 088019 (room 0x14),56.909,no,"the line between them leaves the walkable area (a wall's thickness, or another floor)",
wall of tile 087D18 (room 0x14),wall of tile 061C18 (room 0x14),24.025,no,"the line between them leaves the walkable area (a wall's thickness, or another floor)",
wall of tile 087D18 (room 0x14),wall of tile 061C18 (room 0x14),55.314,no,"the line between them leaves the walkable area (a wall's thickness, or another floor)",
wall of tile 087D18 (room 0x14),wall of tile 061C18 (room 0x14),24.025,no,"the line between them leaves the walkable area (a wall's thickness, or another floor)",
wall of tile 087D18 (room 0x14),wall of tile 061C18 (room 0x14),55.314,no,"the line between them leaves the walkable area (a wall's thickness, or another floor)",
wall of tile 061D18 (room 0x14),wall of tile 087C18 (room 0x14),24.737,no,"the line between them leaves the walkable area (a wall's thickness, or another floor)",
wall of tile 061D18 (room 0x14),wall of tile 087C18 (room 0x14),24.737,no,"the line between them leaves the walkable area (a wall's thickness, or another floor)",
wall of tile 061C18 (room 0x14),wall of tile 087C18 (room 0x14),55.314,no,"the line between them leaves the walkable area (a wall's thickness, or another floor)",
wall of tile 061C18 (room 0x14),wall of tile 087C18 (room 0x14),55.314,no,"the line between them leaves the walkable area (a wall's thickness, or another floor)",
wall of tile 01111A (room 0x1c),wall of tile 017901 (room 0x05),42.424,no,the far wall faces the other way (it belongs to floor which isn't linked here),
wall of tile 010E19 (room 0x1c),wall of tile 00DE08 (room 0x0a),45.848,no,"the line between them leaves the walkable area (a wall's thickness, or another floor)",
wall of tile 010E19 (room 0x1c),wall of tile 017901 (room 0x05),29.697,no,the far wall faces the other way (it belongs to floor which isn't linked here),
wall of tile 010E1A (room 0x1c),wall of tile 00F00A (room 0x0a),26.062,no,"the line between them leaves the walkable area (a wall's thickness, or another floor)",
wall of tile 010E1A (room 0x1c),wall of tile 017A02 (room 0x04),1.452,no,"the line between them leaves the walkable area (a wall's thickness, or another floor)",
wall of tile 012419 (room 0x1b),wall of tile 001E0A (room 0x0c),11.348,no,"the line between them leaves the walkable area (a wall's thickness, or another floor)",
wall of tile 012419 (room 0x1b),wall of tile 00820A (room 0x0c),11.348,no,"the line between them leaves the walkable area (a wall's thickness, or another floor)",
wall of tile 012419 (room 0x1b),wall of tile 04D312 (room 0x12),41.055,no,"the line between them leaves the walkable area (a wall's thickness, or another floor)",
wall of tile 012419 (room 0x1b),wall of tile 04D311 (room 0x12),56.993,no,the far wall faces the other way (it belongs to floor which isn't linked here),
wall of tile 012419 (room 0x1b),wall of tile 03C012 (room 0x12),49.543,no,"the line between them leaves the walkable area (a wall's thickness, or another floor)",
wall of tile 012419 (room 0x1b),wall of tile 03D510 (room 0x12),25.762,no,"the line between them leaves the walkable area (a wall's thickness, or another floor)",
wall of tile 012419 (room 0x1b),wall of tile 008102 (room 0x03),34.138,no,the far wall faces the other way (it belongs to floor which isn't linked here),
wall of tile 012419 (room 0x1b),wall of tile 019002 (room 0x04),42.831,no,"the line between them leaves the walkable area (a wall's thickness, or another floor)",
wall of tile 012419 (room 0x1b),wall of tile 009601 (room 0x03),19.284,no,the far wall faces the other way (it belongs to floor which isn't linked here),
wall of tile 012419 (room 0x1b),wall of tile 008E01 (room 0x03),4.431,no,the far wall faces the other way (it belongs to floor which isn't linked here),
wall of tile 012419 (room 0x1b),wall of tile 009201 (room 0x03),12.545,no,"the line between them leaves the walkable area (a wall's thickness, or another floor)",
wall of tile 012419 (room 0x1b),wall of tile 009401 (room 0x03),27.398,no,"the line between them leaves the walkable area (a wall's thickness, or another floor)",
wall of tile 012419 (room 0x1b),wall of tile 008C01 (room 0x03),42.251,no,"the line between them leaves the walkable area (a wall's thickness, or another floor)",
wall of tile 012419 (room 0x1b),wall of tile 008A01 (room 0x03),57.105,no,"the line between them leaves the walkable area (a wall's thickness, or another floor)",
wall of tile 012419 (room 0x1b),wall of tile 008602 (room 0x03),46.243,no,"the line between them leaves the walkable area (a wall's thickness, or another floor)",
wall of tile 012419 (room 0x1b),wall of tile 008800 (room 0x03),3.571,no,the far wall faces the other way (it belongs to floor which isn't linked here),
wall of tile 012419 (room 0x1b),wall of tile 00A202 (room 0x06),56.619,no,the far wall faces the other way (it belongs to floor which isn't linked here),
wall of tile 012419 (room 0x1b),wall of tile 00A201 (room 0x06),31.389,no,"the line between them leaves the walkable area (a wall's thickness, or another floor)",
wall of tile 012419 (room 0x1b),wall of tile 009A01 (room 0x06),16.536,no,"the line between them leaves the walkable area (a wall's thickness, or another floor)",
wall of tile 012419 (room 0x1b),wall of tile 009C01 (room 0x06),1.683,no,"the line between them leaves the walkable area (a wall's thickness, or another floor)",
wall of tile 012419 (room 0x1b),wall of tile 00A001 (room 0x06),13.171,no,the far wall faces the other way (it belongs to floor which isn't linked here),
wall of tile 012419 (room 0x1b),wall of tile 008501 (room 0x06),30.146,no,the far wall faces the other way (it belongs to floor which isn't linked here),
wall of tile 012419 (room 0x1b),door 0x1d8bfc (preset 0x0003),51.506,no,"the line between them leaves the walkable area (a wall's thickness, or another floor)",
wall of tile 012419 (room 0x1b),door 0x1d8bfc (preset 0x0003),51.506,no,"the line between them leaves the walkable area (a wall's thickness, or another floor)",
wall of tile 01241A (room 0x1b),wall of tile 008209 (room 0x0c),44.514,no,the far wall faces the other way (it belongs to floor which isn't linked here),
wall of tile 01241A (room 0x1b),wall of tile 009C02 (room 0x06),49.113,no,the far wall faces the other way (it belongs to floor which isn't linked here),
wall of tile 01241A (room 0x1b),wall of tile 009E02 (room 0x06),34.231,no,the far wall faces the other way (it belongs to floor which isn't linked here),
wall of tile 01241A (room 0x1b),wall of tile 00A002 (room 0x06),17.223,no,the far wall faces the other way (it belongs to floor which isn't linked here),
wall of tile 01241A (room 0x1b),wall of tile 008501 (room 0x06),51.988,no,the far wall faces the other way (it belongs to floor which isn't linked here),
wall of tile 01241A (room 0x1b),wall of tile 020301 (room 0x06),50.808,no,"the line between them leaves the walkable area (a wall's thickness, or another floor)",
wall of tile 01241A (room 0x1b),wall of tile 020302 (room 0x06),43.484,no,the far wall faces the other way (it belongs to floor which isn't linked here),
wall of tile 01241A (room 0x1b),wall of tile 007701 (room 0x08),59.312,no,"the line between them leaves the walkable area (a wall's thickness, or another floor)",
wall of tile 01241A (room 0x1b),wall of tile 007701 (room 0x08),43.484,no,the far wall faces the other way (it belongs to floor which isn't linked here),
wall of tile 01241A (room 0x1b),door 0x1d8e1c (preset 0x0005),53.899,no,"the line between them leaves the walkable area (a wall's thickness, or another floor)",
wall of tile 01241A (room 0x1b),door 0x1d8e1c (preset 0x0005),58.151,no,"the line between them leaves the walkable area (a wall's thickness, or another floor)",
wall of tile 01241A (room 0x1b),door 0x1d8e1c (preset 0x0005),51.988,no,the far wall faces the other way (it belongs to floor which isn't linked here),
wall of tile 01241A (room 0x1b),door 0x1d8e1c (preset 0x0005),56.240,no,the far wall faces the other way (it belongs to floor which isn't linked here),
wall of tile 006F09 (room 0x0c),wall of tile 007600 (room 0x08),29.697,no,"the line between them leaves the walkable area (a wall's thickness, or another floor)",
wall of tile 006D09 (room 0x0c),wall of tile 005509 (room 0x0c),46.667,no,the line between them touches another wall,wall of tile 005309 (room 0x0c)
wall of tile 006D09 (room 0x0c),wall of tile 006709 (room 0x0c),46.667,no,"the line between them leaves the walkable area (a wall's thickness, or another floor)",
wall of tile 006D09 (room 0x0c),wall of tile 002D08 (room 0x0c),46.667,no,"the line between them leaves the walkable area (a wall's thickness, or another floor)",
wall of tile 00530A (room 0x0c),wall of tile 00570A (room 0x0c),46.667,no,the line between them touches another wall,wall of tile 00550A (room 0x0c)
wall of tile 00530A (room 0x0c),wall of tile 007501 (room 0x08),59.394,no,"the line between them leaves the walkable area (a wall's thickness, or another floor)",
wall of tile 006C09 (room 0x0c),wall of tile 007501 (room 0x08),16.970,no,the far wall faces the other way (it belongs to floor which isn't linked here),
wall of tile 011F1A (room 0x1a),wall of tile 001C09 (room 0x0c),15.752,no,the far wall faces the other way (it belongs to floor which isn't linked here),
wall of tile 011F1A (room 0x1a),wall of tile 007501 (room 0x08),16.970,no,the far wall faces the other way (it belongs to floor which isn't linked here),
wall of tile 007009 (room 0x0c),wall of tile 007600 (room 0x08),29.697,no,"the line between them leaves the walkable area (a wall's thickness, or another floor)",
wall of tile 011A1A (room 0x19),wall of tile 002009 (room 0x0c),29.697,no,the far wall faces the other way (it belongs to floor which isn't linked here),
wall of tile 005309 (room 0x0c),wall of tile 005709 (room 0x0c),46.667,no,the line between them touches another wall,wall of tile 005509 (room 0x0c)
wall of tile 005309 (room 0x0c),wall of tile 006709 (room 0x0c),59.394,no,"the line between them leaves the walkable area (a wall's thickness, or another floor)",
wall of tile 005309 (room 0x0c),wall of tile 002D08 (room 0x0c),59.394,no,"the line between them leaves the walkable area (a wall's thickness, or another floor)",
wall of tile 00550A (room 0x0c),wall of tile 00590A (room 0x0c),46.667,no,the line between them touches another wall,wall of tile 00570A (room 0x0c)
wall of tile 00550A (room 0x0c),wall of tile 007501 (room 0x08),59.394,no,"the line between them leaves the walkable area (a wall's thickness, or another floor)",
wall of tile 00550A (room 0x0c),wall of tile 020600 (room 0x08),29.697,no,the line between them touches another wall,wall of tile 00570A (room 0x0c)
wall of tile 005509 (room 0x0c),wall of tile 005909 (room 0x0c),46.667,no,the line between them touches another wall,wall of tile 005709 (room 0x0c)
wall of tile 005509 (room 0x0c),wall of tile 006509 (room 0x0c),59.394,no,"the line between them leaves the walkable area (a wall's thickness, or another floor)",
wall of tile 005509 (room 0x0c),wall of tile 006709 (room 0x0c),59.394,no,"the line between them leaves the walkable area (a wall's thickness, or another floor)",
wall of tile 005509 (room 0x0c),wall of tile 002D08 (room 0x0c),59.394,no,"the line between them leaves the walkable area (a wall's thickness, or another floor)",
wall of tile 005509 (room 0x0c),wall of tile 007400 (room 0x08),41.998,no,"the line between them leaves the walkable area (a wall's thickness, or another floor)",
wall of tile 005509 (room 0x0c),wall of tile 020600 (room 0x08),29.697,no,the line between them touches another wall,wall of tile 005709 (room 0x0c)
wall of tile 00570A (room 0x0c),wall of tile 005B0A (room 0x0c),42.424,no,the line between them touches another wall,wall of tile 00590A (room 0x0c)
wall of tile 00570A (room 0x0c),wall of tile 00AF02 (room 0x03),29.697,no,the line between them touches another wall,wall of tile 00590A (room 0x0c)
wall of tile 00570A (room 0x0c),wall of tile 007501 (room 0x08),59.394,no,"the line between them leaves the walkable area (a wall's thickness, or another floor)",
wall of tile 005709 (room 0x0c),wall of tile 005B09 (room 0x0c),42.424,no,the line between them touches another wall,wall of tile 005909 (room 0x0c)
wall of tile 005709 (room 0x0c),wall of tile 006309 (room 0x0c),59.394,no,"the line between them leaves the walkable area (a wall's thickness, or another floor)",
wall of tile 005709 (room 0x0c),wall of tile 006509 (room 0x0c),59.394,no,"the line between them leaves the walkable area (a wall's thickness, or another floor)",
wall of tile 005709 (room 0x0c),wall of tile 006709 (room 0x0c),59.394,no,"the line between them leaves the walkable area (a wall's thickness, or another floor)",
wall of tile 005709 (room 0x0c),wall of tile 00AF02 (room 0x03),29.697,no,the line between them touches another wall,wall of tile 005909 (room 0x0c)
wall of tile 005709 (room 0x0c),wall of tile 002D08 (room 0x0c),59.394,no,"the line between them leaves the walkable area (a wall's thickness, or another floor)",
wall of tile 005709 (room 0x0c),wall of tile 007400 (room 0x08),29.697,no,"the line between them leaves the walkable area (a wall's thickness, or another floor)",
wall of tile 00590A (room 0x0c),wall of tile 005D0A (room 0x0c),46.667,no,the line between them touches another wall,wall of tile 005B0A (room 0x0c)
wall of tile 00590A (room 0x0c),wall of tile 019408 (room 0x0c),46.667,no,the line between them touches another wall,wall of tile 005B0A (room 0x0c)
wall of tile 00590A (room 0x0c),wall of tile 020600 (room 0x08),16.970,no,the line between them touches another wall,wall of tile 00570A (room 0x0c)
wall of tile 005909 (room 0x0c),wall of tile 005D09 (room 0x0c),46.667,no,the line between them touches another wall,wall of tile 005B09 (room 0x0c)
wall of tile 005909 (room 0x0c),wall of tile 006109 (room 0x0c),59.394,no,"the line between them leaves the walkable area (a wall's thickness, or another floor)",
wall of tile 005909 (room 0x0c),wall of tile 006309 (room 0x0c),59.394,no,"the line between them leaves the walkable area (a wall's thickness, or another floor)",
wall of tile 005909 (room 0x0c),wall of tile 006509 (room 0x0c),59.394,no,"the line between them leaves the walkable area (a wall's thickness, or another floor)",
wall of tile 005909 (room 0x0c),wall of tile 019308 (room 0x0c),46.667,no,the line between them touches another wall,wall of tile 005B09 (room 0x0c)
wall of tile 005909 (room 0x0c),wall of tile 002D08 (room 0x0c),59.394,no,"the line between them leaves the walkable area (a wall's thickness, or another floor)",
wall of tile 005909 (room 0x0c),wall of tile 007400 (room 0x08),34.204,no,"the line between them leaves the walkable area (a wall's thickness, or another floor)",
wall of tile 005909 (room 0x0c),wall of tile 020600 (room 0x08),16.970,no,the line between them touches another wall,wall of tile 005709 (room 0x0c)
wall of tile 005B0A (room 0x0c),wall of tile 00510A (room 0x0c),46.667,no,the line between them touches another wall,wall of tile 005D0A (room 0x0c)
wall of tile 005B0A (room 0x0c),wall of tile 00AF02 (room 0x03),12.727,no,the line between them touches another wall,wall of tile 00590A (room 0x0c)
wall of tile 005B0A (room 0x0c),wall of tile 020600 (room 0x08),59.394,no,the line between them touches another wall,wall of tile 00590A (room 0x0c)
wall of tile 005B09 (room 0x0c),wall of tile 00510A (room 0x0c),46.667,no,the line between them touches another wall,wall of tile 005D09 (room 0x0c)
wall of tile 005B09 (room 0x0c),wall of tile 005F09 (room 0x0c),59.394,no,"the line between them leaves the walkable area (a wall's thickness, or another floor)",
wall of tile 005B09 (room 0x0c),wall of tile 006109 (room 0x0c),59.394,no,"the line between them leaves the walkable area (a wall's thickness, or another floor)",
wall of tile 005B09 (room 0x0c),wall of tile 006309 (room 0x0c),59.394,no,"the line between them leaves the walkable area (a wall's thickness, or another floor)",
wall of tile 005B09 (room 0x0c),wall of tile 00AF02 (room 0x03),12.727,no,the line between them touches another wall,wall of tile 005909 (room 0x0c)
wall of tile 005B09 (room 0x0c),wall of tile 019408 (room 0x0c),59.394,no,the far wall faces the other way (it belongs to floor which isn't linked here),
wall of tile 005B09 (room 0x0c),wall of tile 002D08 (room 0x0c),59.394,no,"the line between them leaves the walkable area (a wall's thickness, or another floor)",
wall of tile 005B09 (room 0x0c),wall of tile 020600 (room 0x08),59.394,no,the line between them touches another wall,wall of tile 005909 (room 0x0c)
wall of tile 005D0A (room 0x0c),wall of tile 00AF02 (room 0x03),59.394,no,the line between them touches another wall,wall of tile 005B0A (room 0x0c)
wall of tile 005D09 (room 0x0c),wall of tile 005F09 (room 0x0c),59.394,no,"the line between them leaves the walkable area (a wall's thickness, or another floor)",
wall of tile 005D09 (room 0x0c),wall of tile 006109 (room 0x0c),59.394,no,"the line between them leaves the walkable area (a wall's thickness, or another floor)",
wall of tile 005D09 (room 0x0c),wall of tile 00AF02 (room 0x03),59.394,no,the line between them touches another wall,wall of tile 005B09 (room 0x0c)
wall of tile 005D09 (room 0x0c),wall of tile 019408 (room 0x0c),59.394,no,the far wall faces the other way (it belongs to floor which isn't linked here),
wall of tile 005D09 (room 0x0c),wall of tile 002D08 (room 0x0c),59.394,no,"the line between them leaves the walkable area (a wall's thickness, or another floor)",
wall of tile 00510A (room 0x0c),wall of tile 006109 (room 0x0c),46.667,no,the line between them touches another wall,wall of tile 005F09 (room 0x0c)
wall of tile 00510A (room 0x0c),wall of tile 019308 (room 0x0c),46.667,no,"the line between them leaves the walkable area (a wall's thickness, or another floor)",
wall of tile 00510A (room 0x0c),wall of tile 002D08 (room 0x0c),46.667,no,the line between them touches another wall,wall of tile 005F09 (room 0x0c)
wall of tile 00510A (room 0x0c),wall of tile 019408 (room 0x0c),46.667,no,the line between them touches another wall,wall of tile 005D0A (room 0x0c)
wall of tile 005109 (room 0x0c),wall of tile 00610A (room 0x0c),46.667,no,the line between them touches another wall,wall of tile 005F0A (room 0x0c)
wall of tile 005109 (room 0x0c),wall of tile 003308 (room 0x0c),46.667,no,the line between them touches another wall,wall of tile 005F0A (room 0x0c)
wall of tile 005109 (room 0x0c),wall of tile 003308 (room 0x0c),46.667,no,the line between them touches another wall,wall of tile 005F0A (room 0x0c)
wall of tile 005F0A (room 0x0c),wall of tile 00630A (room 0x0c),46.667,no,the line between them touches another wall,wall of tile 00610A (room 0x0c)
wall of tile 005F0A (room 0x0c),wall of tile 002308 (room 0x0c),46.667,no,"the line between them leaves the walkable area (a wall's thickness, or another floor)",
wall of tile 005F0A (room 0x0c),wall of tile 00AF02 (room 0x03),59.394,no,the line between them touches another wall,wall of tile 00610A (room 0x0c)
wall of tile 005F09 (room 0x0c),wall of tile 006309 (room 0x0c),46.667,no,the line between them touches another wall,wall of tile 006109 (room 0x0c)
wall of tile 005F09 (room 0x0c),wall of tile 00AF02 (room 0x03),59.394,no,the line between them touches another wall,wall of tile 006109 (room 0x0c)
wall of tile 00610A (room 0x0c),wall of tile 00650A (room 0x0c),42.424,no,the line between them touches another wall,wall of tile 00630A (room 0x0c)
wall of tile 00610A (room 0x0c),wall of tile 002308 (room 0x0c),46.667,no,"the line between them leaves the walkable area (a wall's thickness, or another floor)",
wall of tile 00610A (room 0x0c),wall of tile 00AF02 (room 0x03),12.727,no,the line between them touches another wall,wall of tile 00630A (room 0x0c)
wall of tile 00610A (room 0x0c),wall of tile 007400 (room 0x08),59.394,no,the line between them touches another wall,wall of tile 00630A (room 0x0c)
wall of tile 006109 (room 0x0c),wall of tile 006509 (room 0x0c),42.424,no,the line between them touches another wall,wall of tile 006309 (room 0x0c)
wall of tile 006109 (room 0x0c),wall of tile 00AF02 (room 0x03),12.727,no,the line between them touches another wall,wall of tile 006309 (room 0x0c)
wall of tile 006109 (room 0x0c),wall of tile 007400 (room 0x08),59.394,no,the line between them touches another wall,wall of tile 006309 (room 0x0c)
wall of tile 00630A (room 0x0c),wall of tile 00670A (room 0x0c),46.667,no,the line between them touches another wall,wall of tile 00650A (room 0x0c)
wall of tile 00630A (room 0x0c),wall of tile 003308 (room 0x0c),46.667,no,the line between them touches another wall,wall of tile 00610A (room 0x0c)
wall of tile 00630A (room 0x0c),wall of tile 007400 (room 0x08),16.970,no,the line between them touches another wall,wall of tile 00650A (room 0x0c)
wall of tile 006309 (room 0x0c),wall of tile 006709 (room 0x0c),46.667,no,the line between them touches another wall,wall of tile 006509 (room 0x0c)
wall of tile 006309 (room 0x0c),wall of tile 019308 (room 0x0c),46.667,no,the line between them touches another wall,wall of tile 006109 (room 0x0c)
wall of tile 006309 (room 0x0c),wall of tile 007400 (room 0x08),16.970,no,the line between them touches another wall,wall of tile 006509 (room 0x0c)
wall of tile 006309 (room 0x0c),wall of tile 020600 (room 0x08),34.204,no,"the line between them leaves the walkable area (a wall's thickness, or another floor)",
wall of tile 00650A (room 0x0c),wall of tile 00AF02 (room 0x03),29.697,no,the line between them touches another wall,wall of tile 00630A (room 0x0c)
wall of tile 00650A (room 0x0c),wall of tile 007701 (room 0x08),59.394,no,"the line between them leaves the walkable area (a wall's thickness, or another floor)",
wall of tile 006509 (room 0x0c),wall of tile 00AF02 (room 0x03),29.697,no,the line between them touches another wall,wall of tile 006309 (room 0x0c)
wall of tile 006509 (room 0x0c),wall of tile 020600 (room 0x08),29.697,no,"the line between them leaves the walkable area (a wall's thickness, or another floor)",
wall of tile 00670A (room 0x0c),wall of tile 007701 (room 0x08),59.394,no,"the line between them leaves the walkable area (a wall's thickness, or another floor)",
wall of tile 00670A (room 0x0c),wall of tile 007400 (room 0x08),29.697,no,the line between them touches another wall,wall of tile 00650A (room 0x0c)
wall of tile 006709 (room 0x0c),wall of tile 007400 (room 0x08),29.697,no,the line between them touches another wall,wall of tile 006509 (room 0x0c)
wall of tile 006709 (room 0x0c),wall of tile 020600 (room 0x08),41.998,no,"the line between them leaves the walkable area (a wall's thickness, or another floor)",
wall of tile 003108 (room 0x0c),wall of tile 007702 (room 0x08),16.970,no,the far wall faces the other way (it belongs to floor which isn't linked here),
wall of tile 003108 (room 0x0c),wall of tile 023D02 (room 0x07),21.212,no,"the line between them leaves the walkable area (a wall's thickness, or another floor)",
wall of tile 003108 (room 0x0c),wall of tile 023F01 (room 0x07),21.212,no,"the line between them leaves the walkable area (a wall's thickness, or another floor)",
wall of tile 00370A (room 0x0c),wall of tile 007702 (room 0x08),16.970,no,the far wall faces the other way (it belongs to floor which isn't linked here),
wall of tile 00370A (room 0x0c),wall of tile 020500 (room 0x08),29.697,no,"the line between them leaves the walkable area (a wall's thickness, or another floor)",
wall of tile 00370A (room 0x0c),wall of tile 020500 (room 0x08),29.697,no,"the line between them leaves the walkable area (a wall's thickness, or another floor)",
wall of tile 00370A (room 0x0c),wall of tile 023D02 (room 0x07),29.697,no,"the line between them leaves the walkable area (a wall's thickness, or another floor)",
wall of tile 00370A (room 0x0c),wall of tile 023902 (room 0x07),29.697,no,"the line between them leaves the walkable area (a wall's thickness, or another floor)",
wall of tile 00370A (room 0x0c),wall of tile 023F01 (room 0x07),50.909,no,"the line between them leaves the walkable area (a wall's thickness, or another floor)",
wall of tile 001E0A (room 0x0c),wall of tile 04D312 (room 0x12),59.394,no,the line between them touches another wall,wall of tile 00820A (room 0x0c)
wall of tile 001E0A (room 0x0c),door 0x1d8bfc (preset 0x0003),59.394,no,the line between them touches another wall,door 0x1d8bfc (preset 0x0003)
wall of tile 001E0A (room 0x0c),door 0x1d8bfc (preset 0x0003),50.909,no,"another wall pokes into the space between them, so a tighter pair covers this gap",wall of tile 00820A (room 0x0c)
wall of tile 001E0A (room 0x0c),door 0x1d8bfc (preset 0x0003),50.909,no,"the line between them leaves the walkable area (a wall's thickness, or another floor)",
wall of tile 001E0A (room 0x0c),door 0x1d8bfc (preset 0x0003),50.909,no,"the line between them leaves the walkable area (a wall's thickness, or another floor)",
wall of tile 008209 (room 0x0c),wall of tile 04D311 (room 0x12),12.727,no,the line between them touches another wall,wall of tile 00820A (room 0x0c)
wall of tile 008209 (room 0x0c),wall of tile 03BF11 (room 0x12),21.212,no,"the line between them leaves the walkable area (a wall's thickness, or another floor)",
wall of tile 008209 (room 0x0c),wall of tile 018F02 (room 0x04),59.394,no,the far wall faces the other way (it belongs to floor which isn't linked here),
wall of tile 008209 (room 0x0c),door 0x1d8bfc (preset 0x0003),8.485,no,"another wall pokes into the space between them, so a tighter pair covers this gap",wall of tile 00820A (room 0x0c)
wall of tile 008209 (room 0x0c),door 0x1d8bfc (preset 0x0003),8.485,no,"another wall pokes into the space between them, so a tighter pair covers this gap",wall of tile 00820A (room 0x0c)
wall of tile 008209 (room 0x0c),door 0x1d8bfc (preset 0x0003),8.485,yes,,
wall of tile 008209 (room 0x0c),door 0x1d8bfc (preset 0x0003),8.485,yes,,
wall of tile 003408 (room 0x0c),wall of tile 003308 (room 0x0c),46.667,no,the line between them touches another wall,wall of tile 002308 (room 0x0c)
wall of tile 003408 (room 0x0c),wall of tile 00820A (room 0x0c),59.394,no,the line between them touches another wall,wall of tile 008209 (room 0x0c)
wall of tile 003408 (room 0x0c),wall of tile 00AF02 (room 0x03),59.394,no,the far wall faces the other way (it belongs to floor which isn't linked here),
wall of tile 003408 (room 0x0c),wall of tile 018F02 (room 0x04),59.394,no,the far wall faces the other way (it belongs to floor which isn't linked here),
wall of tile 003408 (room 0x0c),door 0x1d8bfc (preset 0x0003),59.997,no,"another wall pokes into the space between them, so a tighter pair covers this gap",wall of tile 00820A (room 0x0c)
wall of tile 003408 (room 0x0c),door 0x1d8bfc (preset 0x0003),59.997,no,"another wall pokes into the space between them, so a tighter pair covers this gap",wall of tile 00820A (room 0x0c)
wall of tile 003408 (room 0x0c),door 0x1d8bfc (preset 0x0003),51.611,no,"another wall pokes into the space between them, so a tighter pair covers this gap",wall of tile 008209 (room 0x0c)
wall of tile 003408 (room 0x0c),door 0x1d8bfc (preset 0x0003),51.611,no,"another wall pokes into the space between them, so a tighter pair covers this gap",wall of tile 008209 (room 0x0c)
wall of tile 002308 (room 0x0c),wall of tile 003308 (room 0x0c),46.667,no,the line between them touches another wall,wall of tile 003308 (room 0x0c)
wall of tile 002308 (room 0x0c),wall of tile 00AF02 (room 0x03),59.394,no,the far wall faces the other way (it belongs to floor which isn't linked here),
wall of tile 003308 (room 0x0c),wall of tile 00AF02 (room 0x03),59.394,no,the far wall faces the other way (it belongs to floor which isn't linked here),
wall of tile 003308 (room 0x0c),wall of tile 007701 (room 0x08),59.394,no,the far wall faces the other way (it belongs to floor which isn't linked here),
wall of tile 00820A (room 0x0c),wall of tile 03BF11 (room 0x12),16.970,no,the line between them touches another wall,wall of tile 04D311 (room 0x12)
wall of tile 00820A (room 0x0c),wall of tile 018F02 (room 0x04),46.667,no,the far wall faces the other way (it belongs to floor which isn't linked here),
wall of tile 00820A (room 0x0c),door 0x1d8bfc (preset 0x0003),0.000,yes,,
wall of tile 00820A (room 0x0c),door 0x1d8bfc (preset 0x0003),0.000,no,"another wall pokes into the space between them, so a tighter pair covers this gap",door 0x1d8bfc (preset 0x0003)
wall of tile 00820A (room 0x0c),door 0x1d8bfc (preset 0x0003),0.000,no,the line between them touches another wall,door 0x1d8bfc (preset 0x0003)
wall of tile 00820A (room 0x0c),door 0x1d8bfc (preset 0x0003),8.485,no,the line between them touches another wall,door 0x1d8bfc (preset 0x0003)
wall of tile 00820A (room 0x0c),wall of tile 03C012 (room 0x12),16.970,no,the line between them touches another wall,wall of tile 04D312 (room 0x12)
wall of tile 00820A (room 0x0c),door 0x1d8bfc (preset 0x0003),0.000,no,the line between them touches another wall,door 0x1d8bfc (preset 0x0003)
wall of tile 00820A (room 0x0c),door 0x1d8bfc (preset 0x0003),16.970,no,"the line between them leaves the walkable area (a wall's thickness, or another floor)",
wall of tile 00820A (room 0x0c),door 0x1d8bfc (preset 0x0003),16.970,no,"the line between them leaves the walkable area (a wall's thickness, or another floor)",
wall of tile 04D312 (room 0x12),door 0x1d8bfc (preset 0x0003),8.485,no,"the line between them leaves the walkable area (a wall's thickness, or another floor)",
wall of tile 04D312 (room 0x12),door 0x1d8bfc (preset 0x0003),18.973,no,"the line between them leaves the walkable area (a wall's thickness, or another floor)",
wall of tile 04D312 (room 0x12),door 0x1d8bfc (preset 0x0003),16.970,no,"the line between them leaves the walkable area (a wall's thickness, or another floor)",
wall of tile 04D311 (room 0x12),wall of tile 018F02 (room 0x04),46.667,no,the far wall faces the other way (it belongs to floor which isn't linked here),
wall of tile 04D311 (room 0x12),door 0x1d8bfc (preset 0x0003),0.000,yes,,
wall of tile 04D311 (room 0x12),door 0x1d8bfc (preset 0x0003),4.242,no,"another wall pokes into the space between them, so a tighter pair covers this gap",wall of tile 00820A (room 0x0c)
wall of tile 04D311 (room 0x12),door 0x1d8bfc (preset 0x0003),4.242,no,the line between them touches another wall,door 0x1d8bfc (preset 0x0003)
wall of tile 04D311 (room 0x12),door 0x1d8bfc (preset 0x0003),8.485,no,the line between them touches another wall,door 0x1d8bfc (preset 0x0003)
wall of tile 03BF11 (room 0x12),wall of tile 018F02 (room 0x04),46.667,no,the far wall faces the other way (it belongs to floor which isn't linked here),
wall of tile 03BF11 (room 0x12),wall of tile 019002 (room 0x04),46.667,no,the far wall faces the other way (it belongs to floor which isn't linked here),
wall of tile 03BF11 (room 0x12),door 0x1d8bfc (preset 0x0003),16.970,no,"another wall pokes into the space between them, so a tighter pair covers this gap",wall of tile 00820A (room 0x0c)
wall of tile 03BF11 (room 0x12),door 0x1d8bfc (preset 0x0003),17.492,no,"the line between them leaves the walkable area (a wall's thickness, or another floor)",
wall of tile 03BF11 (room 0x12),door 0x1d8bfc (preset 0x0003),17.492,no,"the line between them leaves the walkable area (a wall's thickness, or another floor)",
wall of tile 03BF11 (room 0x12),door 0x1d8bfc (preset 0x0003),25.455,no,the line between them touches another wall,door 0x1d8bfc (preset 0x0003)
wall of tile 03C012 (room 0x12),door 0x1d8bfc (preset 0x0003),16.970,no,"the line between them leaves the walkable area (a wall's thickness, or another floor)",
wall of tile 03C012 (room 0x12),door 0x1d8bfc (preset 0x0003),25.455,no,"the line between them leaves the walkable area (a wall's thickness, or another floor)",
wall of tile 03C012 (room 0x12),door 0x1d8bfc (preset 0x0003),25.455,no,"the line between them leaves the walkable area (a wall's thickness, or another floor)",
wall of tile 03C012 (room 0x12),door 0x1d8bfc (preset 0x0003),16.970,no,"the line between them leaves the walkable area (a wall's thickness, or another floor)",
wall of tile 04D710 (room 0x12),wall of tile 03B910 (room 0x12),29.697,no,the line between them touches another wall,wall of tile 03B910 (room 0x12)
wall of tile 04D710 (room 0x12),wall of tile 03B111 (room 0x12),27.909,no,"the line between them leaves the walkable area (a wall's thickness, or another floor)",
wall of tile 03B910 (room 0x12),wall of tile 03B111 (room 0x12),46.667,no,"the line between them leaves the walkable area (a wall's thickness, or another floor)",
wall of tile 03B910 (room 0x12),wall of tile 04D810 (room 0x12),46.667,no,"the line between them leaves the walkable area (a wall's thickness, or another floor)",
wall of tile 03B910 (room 0x12),wall of tile 03B111 (room 0x12),46.667,no,"the line between them leaves the walkable area (a wall's thickness, or another floor)",
wall of tile 03B910 (room 0x12),wall of tile 016B02 (room 0x04),58.870,no,the far wall faces the other way (it belongs to floor which isn't linked here),
wall of tile 03B910 (room 0x12),wall of tile 04D810 (room 0x12),49.656,no,"the line between them leaves the walkable area (a wall's thickness, or another floor)",
wall of tile 03C710 (room 0x12),wall of tile 016C02 (room 0x04),33.939,no,"the line between them leaves the walkable area (a wall's thickness, or another floor)",
wall of tile 03CB10 (room 0x12),wall of tile 03D012 (room 0x12),29.697,no,the line between them touches another wall,wall of tile 03C210 (room 0x12)
wall of tile 03CB10 (room 0x12),wall of tile 017202 (room 0x04),44.292,no,the far wall faces the other way (it belongs to floor which isn't linked here),
wall of tile 03CB10 (room 0x12),wall of tile 016C02 (room 0x04),42.424,no,the far wall faces the other way (it belongs to floor which isn't linked here),
wall of tile 03C210 (room 0x12),wall of tile 017202 (room 0x04),44.292,no,the far wall faces the other way (it belongs to floor which isn't linked here),
wall of tile 03C210 (room 0x12),wall of tile 016C02 (room 0x04),42.424,no,the far wall faces the other way (it belongs to floor which isn't linked here),
wall of tile 03D012 (room 0x12),wall of tile 03AF10 (room 0x12),26.911,no,"the line between them leaves the walkable area (a wall's thickness, or another floor)",
wall of tile 03D012 (room 0x12),wall of tile 03AE12 (room 0x12),32.293,no,"the line between them leaves the walkable area (a wall's thickness, or another floor)",
wall of tile 03CF12 (room 0x12),wall of tile 00F10A (room 0x0a),12.727,no,the line between them touches another wall,wall of tile 04D212 (room 0x12)
wall of tile 03CF12 (room 0x12),door 0x1d8d0c (preset 0x0004),25.454,no,"the line between them leaves the walkable area (a wall's thickness, or another floor)",
wall of tile 03CF12 (room 0x12),door 0x1d8d0c (preset 0x0004),12.727,no,"the line between them leaves the walkable area (a wall's thickness, or another floor)",
wall of tile 03CF12 (room 0x12),door 0x1d8d0c (preset 0x0004),12.727,no,"the line between them leaves the walkable area (a wall's thickness, or another floor)",
wall of tile 03CF12 (room 0x12),door 0x1d8d0c (preset 0x0004),12.727,no,"the line between them leaves the walkable area (a wall's thickness, or another floor)",
wall of tile 03AF10 (room 0x12),wall of tile 03AE12 (room 0x12),12.727,no,the line between them touches another wall,wall of tile 03AF10 (room 0x12)
wall of tile 03D510 (room 0x12),wall of tile 019002 (room 0x04),46.667,no,the far wall faces the other way (it belongs to floor which isn't linked here),
wall of tile 03D410 (room 0x12),wall of tile 019002 (room 0x04),46.667,no,the far wall faces the other way (it belongs to floor which isn't linked here),
wall of tile 03CC12 (room 0x12),wall of tile 019002 (room 0x04),46.667,no,the far wall faces the other way (it belongs to floor which isn't linked here),
wall of tile 03CC12 (room 0x12),wall of tile 017A02 (room 0x04),48.371,no,the far wall faces the other way (it belongs to floor which isn't linked here),
wall of tile 03C610 (room 0x12),wall of tile 019002 (room 0x04),46.667,no,the far wall faces the other way (it belongs to floor which isn't linked here),
wall of tile 03C610 (room 0x12),wall of tile 017A02 (room 0x04),46.667,no,the far wall faces the other way (it belongs to floor which isn't linked here),
wall of tile 03C510 (room 0x12),wall of tile 017A02 (room 0x04),46.667,no,the far wall faces the other way (it belongs to floor which isn't linked here),
wall of tile 03CE11 (room 0x12),wall of tile 017A02 (room 0x04),46.667,no,the far wall faces the other way (it belongs to floor which isn't linked here),
wall of tile 03CE11 (room 0x12),wall of tile 00F109 (room 0x0a),12.727,no,the line between them touches another wall,wall of tile 04D211 (room 0x12)
wall of tile 03CE11 (room 0x12),door 0x1d8d0c (preset 0x0004),25.454,no,"the line between them leaves the walkable area (a wall's thickness, or another floor)",
wall of tile 03CE11 (room 0x12),door 0x1d8d0c (preset 0x0004),12.727,no,"the line between them leaves the walkable area (a wall's thickness, or another floor)",
wall of tile 03CE11 (room 0x12),door 0x1d8d0c (preset 0x0004),12.727,no,"the line between them leaves the walkable area (a wall's thickness, or another floor)",
wall of tile 04D212 (room 0x12),door 0x1d8d0c (preset 0x0004),12.727,no,the line between them touches another wall,wall of tile 00F10A (room 0x0a)
wall of tile 04D212 (room 0x12),door 0x1d8d0c (preset 0x0004),4.242,no,"the line between them leaves the walkable area (a wall's thickness, or another floor)",
wall of tile 04D212 (room 0x12),door 0x1d8d0c (preset 0x0004),4.242,no,"the line between them leaves the walkable area (a wall's thickness, or another floor)",
wall of tile 04D211 (room 0x12),door 0x1d8d0c (preset 0x0004),12.727,no,the line between them touches another wall,wall of tile 00F109 (room 0x0a)
wall of tile 04D211 (room 0x12),door 0x1d8d0c (preset 0x0004),12.727,no,"the line between them leaves the walkable area (a wall's thickness, or another floor)",
wall of tile 00F10A (room 0x0a),door 0x1d8d0c (preset 0x0004),0.000,no,the line between them touches another wall,wall of tile 04D212 (room 0x12)
wall of tile 00F10A (room 0x0a),door 0x1d8d0c (preset 0x0004),4.242,no,"the line between them leaves the walkable area (a wall's thickness, or another floor)",
wall of tile 00F10A (room 0x0a),door 0x1d8d0c (preset 0x0004),4.242,no,"the line between them leaves the walkable area (a wall's thickness, or another floor)",
wall of tile 00F109 (room 0x0a),door 0x1d8d0c (preset 0x0004),12.727,no,"the line between them leaves the walkable area (a wall's thickness, or another floor)",
wall of tile 00F109 (room 0x0a),door 0x1d8d0c (preset 0x0004),0.000,no,the line between them touches another wall,wall of tile 04D211 (room 0x12)
wall of tile 00E208 (room 0x0a),wall of tile 017302 (room 0x05),12.727,no,the far wall faces the other way (it belongs to floor which isn't linked here),
wall of tile 00E208 (room 0x0a),wall of tile 017202 (room 0x04),21.212,no,the far wall faces the other way (it belongs to floor which isn't linked here),
wall of tile 00E208 (room 0x0a),wall of tile 00FE1A (room 0x21),29.697,no,"the line between them leaves the walkable area (a wall's thickness, or another floor)",
wall of tile 00E40A (room 0x0a),wall of tile 017302 (room 0x05),12.727,no,the far wall faces the other way (it belongs to floor which isn't linked here),
wall of tile 00E60A (room 0x0a),wall of tile 017402 (room 0x05),12.727,no,the far wall faces the other way (it belongs to floor which isn't linked here),
wall of tile 00E60A (room 0x0a),wall of tile 017302 (room 0x05),12.727,no,the far wall faces the other way (it belongs to floor which isn't linked here),
wall of tile 00E90A (room 0x0a),wall of tile 017402 (room 0x05),12.727,no,the far wall faces the other way (it belongs to floor which isn't linked here),
wall of tile 00E909 (room 0x0a),wall of tile 017402 (room 0x05),12.727,no,the line between them touches another wall,wall of tile 00E809 (room 0x0a)
wall of tile 00EE09 (room 0x0a),wall of tile 00FE1A (room 0x21),47.432,no,the far wall faces the other way (it belongs to floor which isn't linked here),
wall of tile 00EE09 (room 0x0a),wall of tile 00FE1A (room 0x21),23.989,no,the far wall faces the other way (it belongs to floor which isn't linked here),
wall of tile 00FB0A (room 0x0a),wall of tile 017302 (room 0x05),12.727,no,"the line between them leaves the walkable area (a wall's thickness, or another floor)",
wall of tile 00FB0A (room 0x0a),wall of tile 017202 (room 0x04),21.212,no,the far wall faces the other way (it belongs to floor which isn't linked here),
wall of tile 00FB09 (room 0x0a),wall of tile 00FE1A (room 0x21),47.432,no,the far wall faces the other way (it belongs to floor which isn't linked here),
wall of tile 00FB09 (room 0x0a),wall of tile 00FE1A (room 0x21),23.989,no,the far wall faces the other way (it belongs to floor which isn't linked here),
wall of tile 00AE02 (room 0x05),wall of tile 017402 (room 0x05),12.727,no,"the line between them leaves the walkable area (a wall's thickness, or another floor)",
wall of tile 00AE02 (room 0x05),wall of tile 017302 (room 0x05),12.727,no,"the line between them leaves the walkable area (a wall's thickness, or another floor)",
wall of tile 00AE02 (room 0x05),wall of tile 017202 (room 0x04),32.309,no,"the line between them leaves the walkable area (a wall's thickness, or another floor)",
wall of tile 00AE02 (room 0x05),wall of tile 00FE1A (room 0x21),29.697,no,the far wall faces the other way (it belongs to floor which isn't linked here),
wall of tile 00AE01 (room 0x05),wall of tile 00FE1A (room 0x21),53.124,no,the far wall faces the other way (it belongs to floor which isn't linked here),
wall of tile 00AE01 (room 0x05),wall of tile 00FE1A (room 0x21),34.802,no,"the line between them leaves the walkable area (a wall's thickness, or another floor)",
wall of tile 017302 (room 0x05),wall of tile 00FE1A (room 0x21),42.424,no,"the line between them leaves the walkable area (a wall's thickness, or another floor)",
wall of tile 00B001 (room 0x03),wall of tile 001A08 (room 0x0c),59.394,no,"the line between them leaves the walkable area (a wall's thickness, or another floor)",
wall of tile 00B001 (room 0x03),wall of tile 002009 (room 0x0c),59.394,no,"the line between them leaves the walkable area (a wall's thickness, or another floor)",
wall of tile 008301 (room 0x03),wall of tile 008E02 (room 0x03),29.697,no,the line between them touches another wall,wall of tile 009602 (room 0x03)
wall of tile 008301 (room 0x03),wall of tile 009002 (room 0x03),59.394,no,the line between them touches another wall,wall of tile 009602 (room 0x03)
wall of tile 009602 (room 0x03),wall of tile 009002 (room 0x03),29.697,no,the line between them touches another wall,wall of tile 008E02 (room 0x03)
wall of tile 008102 (room 0x03),wall of tile 008E01 (room 0x03),29.697,no,the line between them touches another wall,wall of tile 009601 (room 0x03)
wall of tile 008102 (room 0x03),wall of tile 009001 (room 0x03),59.394,no,the line between them touches another wall,wall of tile 009601 (room 0x03)
wall of tile 008102 (room 0x03),wall of tile 00A002 (room 0x06),59.394,no,the line between them touches another wall,wall of tile 018F01 (room 0x04)
wall of tile 008102 (room 0x03),wall of tile 00A001 (room 0x06),59.394,no,"the line between them leaves the walkable area (a wall's thickness, or another floor)",
wall of tile 00E502 (room 0x02),wall of tile 000E10 (room 0x11),58.870,no,"the line between them leaves the walkable area (a wall's thickness, or another floor)",
wall of tile 00AF02 (room 0x03),wall of tile 021F08 (room 0x0c),59.394,no,"the line between them leaves the walkable area (a wall's thickness, or another floor)",
wall of tile 00AF02 (room 0x03),wall of tile 019408 (room 0x0c),59.394,no,"the line between them leaves the walkable area (a wall's thickness, or another floor)",
wall of tile 00AF02 (room 0x03),wall of tile 019308 (room 0x0c),59.394,no,"the line between them leaves the walkable area (a wall's thickness, or another floor)",
wall of tile 00AF02 (room 0x03),wall of tile 007701 (room 0x08),46.667,no,the far wall faces the other way (it belongs to floor which isn't linked here),
wall of tile 00AF02 (room 0x03),wall of tile 007400 (room 0x08),46.667,no,the far wall faces the other way (it belongs to floor which isn't linked here),
wall of tile 00AF02 (room 0x03),wall of tile 007501 (room 0x08),46.667,no,the far wall faces the other way (it belongs to floor which isn't linked here),
wall of tile 00AF02 (room 0x03),wall of tile 020600 (room 0x08),46.667,no,the far wall faces the other way (it belongs to floor which isn't linked here),
wall of tile 018F02 (room 0x04),door 0x1d8bfc (preset 0x0003),50.909,no,"the line between them leaves the walkable area (a wall's thickness, or another floor)",
wall of tile 018F02 (room 0x04),door 0x1d8bfc (preset 0x0003),50.909,no,"the line between them leaves the walkable area (a wall's thickness, or another floor)",
wall of tile 018F01 (room 0x04),door 0x1d8bfc (preset 0x0003),46.667,no,the far wall faces the other way (it belongs to floor which isn't linked here),
wall of tile 018F01 (room 0x04),door 0x1d8bfc (preset 0x0003),46.667,no,the far wall faces the other way (it belongs to floor which isn't linked here),
wall of tile 018F01 (room 0x04),door 0x1d8bfc (preset 0x0003),46.667,no,the far wall faces the other way (it belongs to floor which isn't linked here),
wall of tile 018F01 (room 0x04),door 0x1d8bfc (preset 0x0003),46.667,no,the far wall faces the other way (it belongs to floor which isn't linked here),
wall of tile 00E501 (room 0x02),wall of tile 001C09 (room 0x0c),59.394,no,"the line between them leaves the walkable area (a wall's thickness, or another floor)",
wall of tile 00E501 (room 0x02),wall of tile 00210A (room 0x0c),59.394,no,"the line between them leaves the walkable area (a wall's thickness, or another floor)",
wall of tile 00E501 (room 0x02),wall of tile 021F08 (room 0x0c),59.394,no,"the line between them leaves the walkable area (a wall's thickness, or another floor)",
wall of tile 00E602 (room 0x02),wall of tile 001C10 (room 0x11),33.939,no,the far wall faces the other way (it belongs to floor which isn't linked here),
wall of tile 00E602 (room 0x02),wall of tile 002010 (room 0x11),42.424,no,"the line between them leaves the walkable area (a wall's thickness, or another floor)",
wall of tile 00E602 (room 0x02),wall of tile 001710 (room 0x11),42.424,no,"the line between them leaves the walkable area (a wall's thickness, or another floor)",
wall of tile 00E602 (room 0x02),monitor 0x1d84fc (preset 0x2710),29.715,no,the far wall faces the other way (it belongs to floor which isn't linked here),
wall of tile 00E602 (room 0x02),monitor 0x1d84fc (preset 0x2710),29.545,no,the far wall faces the other way (it belongs to floor which isn't linked here),
wall of tile 00E602 (room 0x02),monitor 0x1d84fc (preset 0x2710),29.545,no,the far wall faces the other way (it belongs to floor which isn't linked here),
wall of tile 00E602 (room 0x02),monitor 0x1d84fc (preset 0x2710),29.696,no,the far wall faces the other way (it belongs to floor which isn't linked here),
wall of tile 00E601 (room 0x02),monitor 0x1d84fc (preset 0x2710),29.529,no,the far wall faces the other way (it belongs to floor which isn't linked here),
wall of tile 00E601 (room 0x02),monitor 0x1d84fc (preset 0x2710),29.529,no,the far wall faces the other way (it belongs to floor which isn't linked here),
wall of tile 00E601 (room 0x02),monitor 0x1d84fc (preset 0x2710),29.680,no,the far wall faces the other way (it belongs to floor which isn't linked here),
wall of tile 00E601 (room 0x02),monitor 0x1d84fc (preset 0x2710),29.698,no,the far wall faces the other way (it belongs to floor which isn't linked here),
wall of tile 00E802 (room 0x02),wall of tile 00A902 (room 0x01),32.309,no,"the line between them leaves the walkable area (a wall's thickness, or another floor)",
wall of tile 00E802 (room 0x02),wall of tile 00FA0A (room 0x0e),21.212,no,"the line between them leaves the walkable area (a wall's thickness, or another floor)",
wall of tile 00E802 (room 0x02),wall of tile 002010 (room 0x11),44.292,no,"the line between them leaves the walkable area (a wall's thickness, or another floor)",
wall of tile 00E802 (room 0x02),wall of tile 001710 (room 0x11),44.292,no,"the line between them leaves the walkable area (a wall's thickness, or another floor)",
wall of tile 00E802 (room 0x02),wall of tile 00C608 (room 0x0e),21.212,no,"the line between them leaves the walkable area (a wall's thickness, or another floor)",
wall of tile 00E902 (room 0x01),wall of tile 00A902 (room 0x01),12.727,no,"the line between them leaves the walkable area (a wall's thickness, or another floor)",
wall of tile 00E902 (room 0x01),wall of tile 00FA0A (room 0x0e),12.727,no,"the line between them leaves the walkable area (a wall's thickness, or another floor)",
wall of tile 00E902 (room 0x01),wall of tile 00C608 (room 0x0e),12.727,no,"the line between them leaves the walkable area (a wall's thickness, or another floor)",
wall of tile 00E902 (room 0x01),wall of tile 00C80A (room 0x0e),12.727,no,"the line between them leaves the walkable area (a wall's thickness, or another floor)",
wall of tile 00E902 (room 0x01),wall of tile 00CA0A (room 0x0e),12.727,no,"the line between them leaves the walkable area (a wall's thickness, or another floor)",
wall of tile 00E902 (room 0x01),wall of tile 00F51A (room 0x1e),42.424,no,"the line between them leaves the walkable area (a wall's thickness, or another floor)",
wall of tile 00EA02 (room 0x01),wall of tile 00A902 (room 0x01),12.727,no,"the line between them leaves the walkable area (a wall's thickness, or another floor)",
wall of tile 00EA02 (room 0x01),wall of tile 00CA0A (room 0x0e),12.727,no,"the line between them leaves the walkable area (a wall's thickness, or another floor)",
wall of tile 00EA02 (room 0x01),wall of tile 00CD0A (room 0x0e),12.727,no,"the line between them leaves the walkable area (a wall's thickness, or another floor)",
wall of tile 00EA02 (room 0x01),wall of tile 00CD09 (room 0x0e),12.727,no,"the line between them leaves the walkable area (a wall's thickness, or another floor)",
wall of tile 00A901 (room 0x01),wall of tile 00F51A (room 0x1e),55.002,no,the far wall faces the other way (it belongs to floor which isn't linked here),
wall of tile 00A901 (room 0x01),wall of tile 00F51A (room 0x1e),40.577,no,"the line between them leaves the walkable area (a wall's thickness, or another floor)",
wall of tile 00A902 (room 0x01),wall of tile 00F51A (room 0x1e),29.697,no,the far wall faces the other way (it belongs to floor which isn't linked here),
wall of tile 00FA09 (room 0x0e),wall of tile 00F51A (room 0x1e),48.762,no,the far wall faces the other way (it belongs to floor which isn't linked here),
wall of tile 00FA09 (room 0x0e),wall of tile 00F51A (room 0x1e),29.115,no,the far wall faces the other way (it belongs to floor which isn't linked here),
wall of tile 00D509 (room 0x0e),wall of tile 002311 (room 0x11),12.727,no,the line between them touches another wall,wall of tile 04D512 (room 0x11)
wall of tile 00D509 (room 0x0e),door 0x1d8aec (preset 0x0002),0.000,no,the line between them touches another wall,wall of tile 04D512 (room 0x11)
wall of tile 00D509 (room 0x0e),door 0x1d8aec (preset 0x0002),12.727,no,"the line between them leaves the walkable area (a wall's thickness, or another floor)",
wall of tile 00D50A (room 0x0e),wall of tile 002412 (room 0x11),12.727,no,the line between them touches another wall,wall of tile 04D511 (room 0x11)
wall of tile 00D50A (room 0x0e),door 0x1d8aec (preset 0x0002),0.000,no,the line between them touches another wall,wall of tile 04D511 (room 0x11)
wall of tile 00D50A (room 0x0e),door 0x1d8aec (preset 0x0002),4.242,no,"the line between them leaves the walkable area (a wall's thickness, or another floor)",
wall of tile 00D50A (room 0x0e),door 0x1d8aec (preset 0x0002),4.242,no,"the line between them leaves the walkable area (a wall's thickness, or another floor)",
wall of tile 04D512 (room 0x11),door 0x1d8aec (preset 0x0002),12.727,no,the line between them touches another wall,wall of tile 00D509 (room 0x0e)
wall of tile 04D512 (room 0x11),door 0x1d8aec (preset 0x0002),12.727,no,"the line between them leaves the walkable area (a wall's thickness, or another floor)",
wall of tile 04D511 (room 0x11),door 0x1d8aec (preset 0x0002),4.242,no,"the line between them leaves the walkable area (a wall's thickness, or another floor)",
wall of tile 04D511 (room 0x11),door 0x1d8aec (preset 0x0002),4.242,no,"the line between them leaves the walkable area (a wall's thickness, or another floor)",
wall of tile 04D511 (room 0x11),door 0x1d8aec (preset 0x0002),12.727,no,the line between them touches another wall,wall of tile 00D50A (room 0x0e)
wall of tile 000410 (room 0x11),wall of tile 000312 (room 0x11),12.727,no,the line between them touches another wall,wall of tile 000410 (room 0x11)
wall of tile 000410 (room 0x11),wall of tile 002512 (room 0x11),26.911,no,"the line between them leaves the walkable area (a wall's thickness, or another floor)",
wall of tile 000312 (room 0x11),wall of tile 002512 (room 0x11),32.293,no,"the line between them leaves the walkable area (a wall's thickness, or another floor)",
wall of tile 002A10 (room 0x11),wall of tile 010202 (room 0x02),46.667,no,the far wall faces the other way (it belongs to floor which isn't linked here),
wall of tile 002910 (room 0x11),wall of tile 010202 (room 0x02),46.667,no,the far wall faces the other way (it belongs to floor which isn't linked here),
wall of tile 002112 (room 0x11),wall of tile 00F002 (room 0x02),48.371,no,the far wall faces the other way (it belongs to floor which isn't linked here),
wall of tile 002112 (room 0x11),wall of tile 010202 (room 0x02),46.667,no,the far wall faces the other way (it belongs to floor which isn't linked here),
wall of tile 001B10 (room 0x11),wall of tile 00F002 (room 0x02),46.667,no,the far wall faces the other way (it belongs to floor which isn't linked here),
wall of tile 001B10 (room 0x11),wall of tile 010202 (room 0x02),46.667,no,the far wall faces the other way (it belongs to floor which isn't linked here),
wall of tile 001A10 (room 0x11),wall of tile 00F002 (room 0x02),46.667,no,the far wall faces the other way (it belongs to floor which isn't linked here),
wall of tile 002311 (room 0x11),wall of tile 00F002 (room 0x02),46.667,no,the far wall faces the other way (it belongs to floor which isn't linked here),
wall of tile 002311 (room 0x11),door 0x1d8aec (preset 0x0002),12.727,no,"the line between them leaves the walkable area (a wall's thickness, or another floor)",
wall of tile 002311 (room 0x11),door 0x1d8aec (preset 0x0002),25.454,no,"the line between them leaves the walkable area (a wall's thickness, or another floor)",
wall of tile 002311 (room 0x11),door 0x1d8aec (preset 0x0002),12.727,no,"the line between them leaves the walkable area (a wall's thickness, or another floor)",
wall of tile 001411 (room 0x11),wall of tile 008309 (room 0x0c),16.970,no,the line between them touches another wall,wall of tile 04D411 (room 0x11)
wall of tile 001411 (room 0x11),wall of tile 001A08 (room 0x0c),21.212,no,"the line between them leaves the walkable area (a wall's thickness, or another floor)",
wall of tile 001411 (room 0x11),wall of tile 010202 (room 0x02),46.667,no,the far wall faces the other way (it belongs to floor which isn't linked here),
wall of tile 001411 (room 0x11),wall of tile 010102 (room 0x02),46.667,no,the far wall faces the other way (it belongs to floor which isn't linked here),
wall of tile 001411 (room 0x11),door 0x1d89dc (preset 0x0001),25.455,no,the line between them touches another wall,door 0x1d89dc (preset 0x0001)
wall of tile 001411 (room 0x11),door 0x1d89dc (preset 0x0001),16.970,no,"another wall pokes into the space between them, so a tighter pair covers this gap",wall of tile 008309 (room 0x0c)
wall of tile 001411 (room 0x11),door 0x1d89dc (preset 0x0001),17.492,no,"the line between them leaves the walkable area (a wall's thickness, or another floor)",
wall of tile 001411 (room 0x11),door 0x1d89dc (preset 0x0001),17.492,no,"the line between them leaves the walkable area (a wall's thickness, or another floor)",
wall of tile 001512 (room 0x11),wall of tile 008309 (room 0x0c),16.970,no,the line between them touches another wall,wall of tile 04D412 (room 0x11)
wall of tile 001512 (room 0x11),door 0x1d89dc (preset 0x0001),25.455,no,"the line between them leaves the walkable area (a wall's thickness, or another floor)",
wall of tile 001512 (room 0x11),door 0x1d89dc (preset 0x0001),25.455,no,"the line between them leaves the walkable area (a wall's thickness, or another floor)",
wall of tile 001512 (room 0x11),door 0x1d89dc (preset 0x0001),16.970,no,"the line between them leaves the walkable area (a wall's thickness, or another floor)",
wall of tile 001512 (room 0x11),door 0x1d89dc (preset 0x0001),16.970,no,"the line between them leaves the walkable area (a wall's thickness, or another floor)",
wall of tile 04D412 (room 0x11),wall of tile 001C0A (room 0x0c),59.394,no,the line between them touches another wall,wall of tile 008309 (room 0x0c)
wall of tile 04D412 (room 0x11),door 0x1d89dc (preset 0x0001),8.485,no,"the line between them leaves the walkable area (a wall's thickness, or another floor)",
wall of tile 04D412 (room 0x11),door 0x1d89dc (preset 0x0001),18.973,no,"the line between them leaves the walkable area (a wall's thickness, or another floor)",
wall of tile 04D412 (room 0x11),door 0x1d89dc (preset 0x0001),16.970,no,"the line between them leaves the walkable area (a wall's thickness, or another floor)",
wall of tile 04D411 (room 0x11),wall of tile 001A08 (room 0x0c),12.727,no,the line between them touches another wall,wall of tile 008309 (room 0x0c)
wall of tile 04D411 (room 0x11),wall of tile 010102 (room 0x02),46.667,no,the far wall faces the other way (it belongs to floor which isn't linked here),
wall of tile 04D411 (room 0x11),door 0x1d89dc (preset 0x0001),8.485,no,the line between them touches another wall,door 0x1d89dc (preset 0x0001)
wall of tile 04D411 (room 0x11),door 0x1d89dc (preset 0x0001),0.000,yes,,
wall of tile 04D411 (room 0x11),door 0x1d89dc (preset 0x0001),4.242,no,"another wall pokes into the space between them, so a tighter pair covers this gap",wall of tile 008309 (room 0x0c)
wall of tile 04D411 (room 0x11),door 0x1d89dc (preset 0x0001),4.242,no,the line between them touches another wall,door 0x1d89dc (preset 0x0001)
wall of tile 008309 (room 0x0c),wall of tile 010102 (room 0x02),46.667,no,the far wall faces the other way (it belongs to floor which isn't linked here),
wall of tile 008309 (room 0x0c),door 0x1d89dc (preset 0x0001),8.485,no,the line between them touches another wall,door 0x1d89dc (preset 0x0001)
wall of tile 008309 (room 0x0c),door 0x1d89dc (preset 0x0001),0.000,yes,,
wall of tile 008309 (room 0x0c),door 0x1d89dc (preset 0x0001),0.000,no,"another wall pokes into the space between them, so a tighter pair covers this gap",door 0x1d89dc (preset 0x0001)
wall of tile 008309 (room 0x0c),door 0x1d89dc (preset 0x0001),0.000,no,the line between them touches another wall,door 0x1d89dc (preset 0x0001)
wall of tile 008309 (room 0x0c),door 0x1d89dc (preset 0x0001),16.970,no,"the line between them leaves the walkable area (a wall's thickness, or another floor)",
wall of tile 008309 (room 0x0c),door 0x1d89dc (preset 0x0001),16.970,no,"the line between them leaves the walkable area (a wall's thickness, or another floor)",
wall of tile 008309 (room 0x0c),door 0x1d89dc (preset 0x0001),0.000,no,the line between them touches another wall,door 0x1d89dc (preset 0x0001)
wall of tile 001A08 (room 0x0c),wall of tile 002009 (room 0x0c),46.667,no,the line between them touches another wall,wall of tile 002009 (room 0x0c)
wall of tile 001A08 (room 0x0c),wall of tile 010102 (room 0x02),59.394,no,the far wall faces the other way (it belongs to floor which isn't linked here),
wall of tile 001A08 (room 0x0c),door 0x1d89dc (preset 0x0001),8.485,yes,,
wall of tile 001A08 (room 0x0c),door 0x1d89dc (preset 0x0001),8.485,no,"another wall pokes into the space between them, so a tighter pair covers this gap",wall of tile 008309 (room 0x0c)
wall of tile 001A08 (room 0x0c),door 0x1d89dc (preset 0x0001),8.485,no,"another wall pokes into the space between them, so a tighter pair covers this gap",wall of tile 008309 (room 0x0c)
wall of tile 001A08 (room 0x0c),door 0x1d89dc (preset 0x0001),8.485,yes,,
wall of tile 00220A (room 0x0c),wall of tile 007502 (room 0x08),59.394,no,"the line between them leaves the walkable area (a wall's thickness, or another floor)",
wall of tile 00220A (room 0x0c),wall of tile 020500 (room 0x08),59.394,no,"the line between them leaves the walkable area (a wall's thickness, or another floor)",
wall of tile 002D08 (room 0x0c),wall of tile 020600 (room 0x08),29.697,no,the far wall faces the other way (it belongs to floor which isn't linked here),
wall of tile 001C0A (room 0x0c),door 0x1d89dc (preset 0x0001),50.909,no,"another wall pokes into the space between them, so a tighter pair covers this gap",wall of tile 008309 (room 0x0c)
wall of tile 001C0A (room 0x0c),door 0x1d89dc (preset 0x0001),50.909,no,"the line between them leaves the walkable area (a wall's thickness, or another floor)",
wall of tile 001C0A (room 0x0c),door 0x1d89dc (preset 0x0001),50.909,no,"the line between them leaves the walkable area (a wall's thickness, or another floor)",
wall of tile 001C0A (room 0x0c),door 0x1d89dc (preset 0x0001),59.394,no,the line between them touches another wall,door 0x1d89dc (preset 0x0001)
wall of tile 000A12 (room 0x11),wall of tile 000E10 (room 0x11),46.667,no,"the line between them leaves the walkable area (a wall's thickness, or another floor)",
wall of tile 000A12 (room 0x11),wall of tile 000E10 (room 0x11),49.656,no,"the line between them leaves the walkable area (a wall's thickness, or another floor)",
wall of tile 001012 (room 0x11),wall of tile 000E10 (room 0x11),29.697,no,the line between them touches another wall,wall of tile 000E10 (room 0x11)
wall of tile 001012 (room 0x11),wall of tile 000611 (room 0x11),27.909,no,"the line between them leaves the walkable area (a wall's thickness, or another floor)",
wall of tile 000E10 (room 0x11),wall of tile 000611 (room 0x11),46.667,no,"the line between them leaves the walkable area (a wall's thickness, or another floor)",
wall of tile 000E10 (room 0x11),wall of tile 000611 (room 0x11),46.667,no,"the line between them leaves the walkable area (a wall's thickness, or another floor)",
wall of tile 001C10 (room 0x11),monitor 0x1d84fc (preset 0x2710),4.243,no,"the line between them leaves the walkable area (a wall's thickness, or another floor)",
wall of tile 001C10 (room 0x11),monitor 0x1d84fc (preset 0x2710),4.225,no,"the line between them leaves the walkable area (a wall's thickness, or another floor)",
wall of tile 002010 (room 0x11),wall of tile 002512 (room 0x11),29.697,no,the line between them touches another wall,wall of tile 001710 (room 0x11)
wall of tile 002412 (room 0x11),door 0x1d8aec (preset 0x0002),12.727,no,"the line between them leaves the walkable area (a wall's thickness, or another floor)",
wall of tile 002412 (room 0x11),door 0x1d8aec (preset 0x0002),12.727,no,"the line between them leaves the walkable area (a wall's thickness, or another floor)",
wall of tile 002412 (room 0x11),door 0x1d8aec (preset 0x0002),12.727,no,"the line between them leaves the walkable area (a wall's thickness, or another floor)",
wall of tile 002412 (room 0x11),door 0x1d8aec (preset 0x0002),25.454,no,"the line between them leaves the walkable area (a wall's thickness, or another floor)",
wall of tile 00C608 (room 0x0e),wall of tile 00F51A (room 0x1e),32.309,no,"the line between them leaves the walkable area (a wall's thickness, or another floor)",
wall of tile 00C80A (room 0x0e),wall of tile 00F51A (room 0x1e),29.697,no,"the line between them leaves the walkable area (a wall's thickness, or another floor)",
wall of tile 00D209 (room 0x0e),wall of tile 00F51A (room 0x1e),48.762,no,the far wall faces the other way (it belongs to floor which isn't linked here),
wall of tile 00D209 (room 0x0e),wall of tile 00F51A (room 0x1e),29.115,no,the far wall faces the other way (it belongs to floor which isn't linked here),
wall of tile 010101 (room 0x02),door 0x1d89dc (preset 0x0001),46.667,no,the far wall faces the other way (it belongs to floor which isn't linked here),
wall of tile 010101 (room 0x02),door 0x1d89dc (preset 0x0001),46.667,no,the far wall faces the other way (it belongs to floor which isn't linked here),
wall of tile 010101 (room 0x02),door 0x1d89dc (preset 0x0001),46.667,no,the far wall faces the other way (it belongs to floor which isn't linked here),
wall of tile 010101 (room 0x02),door 0x1d89dc (preset 0x0001),46.667,no,the far wall faces the other way (it belongs to floor which isn't linked here),
wall of tile 010102 (room 0x02),door 0x1d89dc (preset 0x0001),50.909,no,"the line between them leaves the walkable area (a wall's thickness, or another floor)",
wall of tile 010102 (room 0x02),door 0x1d89dc (preset 0x0001),50.909,no,"the line between them leaves the walkable area (a wall's thickness, or another floor)",
wall of tile 009601 (room 0x03),wall of tile 009001 (room 0x03),29.697,no,the line between them touches another wall,wall of tile 008E01 (room 0x03)
wall of tile 009601 (room 0x03),wall of tile 00A001 (room 0x06),41.998,no,"the line between them leaves the walkable area (a wall's thickness, or another floor)",
wall of tile 009601 (room 0x03),wall of tile 008501 (room 0x06),29.697,no,"the line between them leaves the walkable area (a wall's thickness, or another floor)",
wall of tile 008E02 (room 0x03),wall of tile 009202 (room 0x03),33.939,no,the line between them touches another wall,wall of tile 009002 (room 0x03)
wall of tile 008E01 (room 0x03),wall of tile 009201 (room 0x03),33.939,no,the line between them touches another wall,wall of tile 009001 (room 0x03)
wall of tile 008E01 (room 0x03),wall of tile 009E01 (room 0x06),45.098,no,"the line between them leaves the walkable area (a wall's thickness, or another floor)",
wall of tile 008E01 (room 0x03),wall of tile 00A001 (room 0x06),29.697,no,"the line between them leaves the walkable area (a wall's thickness, or another floor)",
wall of tile 008E01 (room 0x03),wall of tile 008501 (room 0x06),29.697,no,"the line between them leaves the walkable area (a wall's thickness, or another floor)",
wall of tile 009002 (room 0x03),wall of tile 009402 (room 0x03),29.697,no,the line between them touches another wall,wall of tile 009202 (room 0x03)
wall of tile 009002 (room 0x03),wall of tile 008C02 (room 0x03),59.394,no,the line between them touches another wall,wall of tile 009202 (room 0x03)
wall of tile 009001 (room 0x03),wall of tile 009401 (room 0x03),29.697,no,the line between them touches another wall,wall of tile 009201 (room 0x03)
wall of tile 009001 (room 0x03),wall of tile 008C01 (room 0x03),59.394,no,the line between them touches another wall,wall of tile 009201 (room 0x03)
wall of tile 009001 (room 0x03),wall of tile 009C01 (room 0x06),41.998,no,"the line between them leaves the walkable area (a wall's thickness, or another floor)",
wall of tile 009001 (room 0x03),wall of tile 009E01 (room 0x06),29.697,no,"the line between them leaves the walkable area (a wall's thickness, or another floor)",
wall of tile 009001 (room 0x03),wall of tile 00A001 (room 0x06),29.697,no,"the line between them leaves the walkable area (a wall's thickness, or another floor)",
wall of tile 009001 (room 0x03),wall of tile 008501 (room 0x06),29.697,no,"the line between them leaves the walkable area (a wall's thickness, or another floor)",
wall of tile 009202 (room 0x03),wall of tile 008C02 (room 0x03),29.697,no,the line between them touches another wall,wall of tile 009402 (room 0x03)
wall of tile 009202 (room 0x03),wall of tile 008A02 (room 0x03),59.394,no,the line between them touches another wall,wall of tile 009402 (room 0x03)
wall of tile 009201 (room 0x03),wall of tile 008C01 (room 0x03),29.697,no,the line between them touches another wall,wall of tile 009401 (room 0x03)
wall of tile 009201 (room 0x03),wall of tile 008A01 (room 0x03),59.394,no,the line between them touches another wall,wall of tile 009401 (room 0x03)
wall of tile 009201 (room 0x03),wall of tile 009A01 (room 0x06),41.998,no,"the line between them leaves the walkable area (a wall's thickness, or another floor)",
wall of tile 009201 (room 0x03),wall of tile 009C01 (room 0x06),29.697,no,"the line between them leaves the walkable area (a wall's thickness, or another floor)",
wall of tile 009201 (room 0x03),wall of tile 009E01 (room 0x06),29.697,no,"the line between them leaves the walkable area (a wall's thickness, or another floor)",
wall of tile 009201 (room 0x03),wall of tile 00A001 (room 0x06),29.697,no,"the line between them leaves the walkable area (a wall's thickness, or another floor)",
wall of tile 009201 (room 0x03),wall of tile 008501 (room 0x06),45.098,no,"the line between them leaves the walkable area (a wall's thickness, or another floor)",
wall of tile 009402 (room 0x03),wall of tile 008A02 (room 0x03),29.697,no,the line between them touches another wall,wall of tile 008C02 (room 0x03)
wall of tile 009402 (room 0x03),wall of tile 008700 (room 0x03),59.394,no,the line between them touches another wall,wall of tile 008C02 (room 0x03)
wall of tile 009401 (room 0x03),wall of tile 008A01 (room 0x03),29.697,no,the line between them touches another wall,wall of tile 008C01 (room 0x03)
wall of tile 009401 (room 0x03),wall of tile 008602 (room 0x03),59.394,no,the line between them touches another wall,wall of tile 008C01 (room 0x03)
wall of tile 009401 (room 0x03),wall of tile 00A201 (room 0x06),41.998,no,"the line between them leaves the walkable area (a wall's thickness, or another floor)",
wall of tile 009401 (room 0x03),wall of tile 009A01 (room 0x06),29.697,no,"the line between them leaves the walkable area (a wall's thickness, or another floor)",
wall of tile 009401 (room 0x03),wall of tile 009C01 (room 0x06),29.697,no,"the line between them leaves the walkable area (a wall's thickness, or another floor)",
wall of tile 009401 (room 0x03),wall of tile 009E01 (room 0x06),29.697,no,"the line between them leaves the walkable area (a wall's thickness, or another floor)",
wall of tile 009401 (room 0x03),wall of tile 00A001 (room 0x06),41.998,no,"the line between them leaves the walkable area (a wall's thickness, or another floor)",
wall of tile 008C02 (room 0x03),wall of tile 008700 (room 0x03),29.697,no,the line between them touches another wall,wall of tile 008A02 (room 0x03)
wall of tile 008C01 (room 0x03),wall of tile 008602 (room 0x03),29.697,no,the line between them touches another wall,wall of tile 008A01 (room 0x03)
wall of tile 008C01 (room 0x03),wall of tile 00A201 (room 0x06),29.697,no,"the line between them leaves the walkable area (a wall's thickness, or another floor)",
wall of tile 008C01 (room 0x03),wall of tile 009A01 (room 0x06),29.697,no,"the line between them leaves the walkable area (a wall's thickness, or another floor)",
wall of tile 008C01 (room 0x03),wall of tile 009C01 (room 0x06),29.697,no,"the line between them leaves the walkable area (a wall's thickness, or another floor)",
wall of tile 008C01 (room 0x03),wall of tile 009E01 (room 0x06),41.998,no,"the line between them leaves the walkable area (a wall's thickness, or another floor)",
wall of tile 008A01 (room 0x03),wall of tile 00A201 (room 0x06),29.697,no,"the line between them leaves the walkable area (a wall's thickness, or another floor)",
wall of tile 008A01 (room 0x03),wall of tile 009A01 (room 0x06),29.697,no,"the line between them leaves the walkable area (a wall's thickness, or another floor)",
wall of tile 008A01 (room 0x03),wall of tile 009C01 (room 0x06),41.998,no,"the line between them leaves the walkable area (a wall's thickness, or another floor)",
wall of tile 008602 (room 0x03),wall of tile 009A01 (room 0x06),29.697,no,the line between them touches another wall,wall of tile 00A201 (room 0x06)
wall of tile 008602 (room 0x03),wall of tile 009C01 (room 0x06),59.394,no,the line between them touches another wall,wall of tile 009A01 (room 0x06)
wall of tile 008800 (room 0x03),wall of tile 009A02 (room 0x06),29.697,no,the line between them touches another wall,wall of tile 00A202 (room 0x06)
wall of tile 008800 (room 0x03),wall of tile 009C02 (room 0x06),59.394,no,the line between them touches another wall,wall of tile 009A02 (room 0x06)
wall of tile 00A202 (room 0x06),wall of tile 009C02 (room 0x06),29.697,no,the line between them touches another wall,wall of tile 009A02 (room 0x06)
wall of tile 00A202 (room 0x06),wall of tile 009E02 (room 0x06),59.394,no,the line between them touches another wall,wall of tile 009A02 (room 0x06)
wall of tile 00A201 (room 0x06),wall of tile 009C01 (room 0x06),29.697,no,the line between them touches another wall,wall of tile 009A01 (room 0x06)
wall of tile 00A201 (room 0x06),wall of tile 009E01 (room 0x06),59.394,no,the line between them touches another wall,wall of tile 009A01 (room 0x06)
wall of tile 009A02 (room 0x06),wall of tile 009E02 (room 0x06),29.697,no,the line between them touches another wall,wall of tile 009C02 (room 0x06)
wall of tile 009A02 (room 0x06),wall of tile 00A002 (room 0x06),59.394,no,the line between them touches another wall,wall of tile 009C02 (room 0x06)
wall of tile 009A01 (room 0x06),wall of tile 009E01 (room 0x06),29.697,no,the line between them touches another wall,wall of tile 009C01 (room 0x06)
wall of tile 009A01 (room 0x06),wall of tile 00A001 (room 0x06),59.394,no,the line between them touches another wall,wall of tile 009C01 (room 0x06)
wall of tile 009C02 (room 0x06),wall of tile 00A002 (room 0x06),29.697,no,the line between them touches another wall,wall of tile 009E02 (room 0x06)
wall of tile 009C01 (room 0x06),wall of tile 00A001 (room 0x06),29.697,no,the line between them touches another wall,wall of tile 009E01 (room 0x06)
wall of tile 009E02 (room 0x06),wall of tile 008502 (room 0x06),33.939,no,the line between them touches another wall,wall of tile 00A002 (room 0x06)
wall of tile 009E01 (room 0x06),wall of tile 008501 (room 0x06),33.939,no,the line between them touches another wall,wall of tile 00A001 (room 0x06)
wall of tile 008502 (room 0x06),wall of tile 007701 (room 0x08),16.970,no,the line between them touches another wall,wall of tile 020301 (room 0x06)
wall of tile 008502 (room 0x06),door 0x1d8e1c (preset 0x0005),8.485,no,"the line between them leaves the walkable area (a wall's thickness, or another floor)",
wall of tile 008502 (room 0x06),door 0x1d8e1c (preset 0x0005),8.485,no,"the line between them leaves the walkable area (a wall's thickness, or another floor)",
wall of tile 008502 (room 0x06),door 0x1d8e1c (preset 0x0005),0.000,no,the line between them touches another wall,door 0x1d8e1c (preset 0x0005)
wall of tile 008501 (room 0x06),wall of tile 007701 (room 0x08),16.970,no,the line between them touches another wall,wall of tile 020302 (room 0x06)
wall of tile 008501 (room 0x06),door 0x1d8e1c (preset 0x0005),0.000,no,"the line between them leaves the walkable area (a wall's thickness, or another floor)",
wall of tile 008501 (room 0x06),door 0x1d8e1c (preset 0x0005),0.000,no,"the line between them leaves the walkable area (a wall's thickness, or another floor)",
wall of tile 008501 (room 0x06),door 0x1d8e1c (preset 0x0005),0.000,no,"the line between them leaves the walkable area (a wall's thickness, or another floor)",
wall of tile 020301 (room 0x06),door 0x1d8e1c (preset 0x0005),8.485,no,"the line between them leaves the walkable area (a wall's thickness, or another floor)",
wall of tile 020301 (room 0x06),door 0x1d8e1c (preset 0x0005),8.485,no,"the line between them leaves the walkable area (a wall's thickness, or another floor)",
wall of tile 020301 (room 0x06),door 0x1d8e1c (preset 0x0005),8.485,no,"the line between them leaves the walkable area (a wall's thickness, or another floor)",
wall of tile 020302 (room 0x06),door 0x1d8e1c (preset 0x0005),8.485,no,the line between them touches another wall,door 0x1d8e1c (preset 0x0005)
wall of tile 020302 (room 0x06),door 0x1d8e1c (preset 0x0005),0.000,no,"the line between them leaves the walkable area (a wall's thickness, or another floor)",
wall of tile 020302 (room 0x06),door 0x1d8e1c (preset 0x0005),8.485,no,"the line between them leaves the walkable area (a wall's thickness, or another floor)",
wall of tile 007701 (room 0x08),door 0x1d8e1c (preset 0x0005),25.455,no,"the line between them leaves the walkable area (a wall's thickness, or another floor)",
wall of tile 007701 (room 0x08),door 0x1d8e1c (preset 0x0005),16.970,no,"the line between them leaves the walkable area (a wall's thickness, or another floor)",
wall of tile 007701 (room 0x08),door 0x1d8e1c (preset 0x0005),16.970,no,"the line between them leaves the walkable area (a wall's thickness, or another floor)",
wall of tile 007701 (room 0x08),door 0x1d8e1c (preset 0x0005),16.970,no,"the line between them leaves the walkable area (a wall's thickness, or another floor)",
wall of tile 007701 (room 0x08),door 0x1d8e1c (preset 0x0005),25.455,no,the line between them touches another wall,door 0x1d8e1c (preset 0x0005)
wall of tile 007701 (room 0x08),door 0x1d8e1c (preset 0x0005),16.970,no,"another wall pokes into the space between them, so a tighter pair covers this gap",wall of tile 020302 (room 0x06)
wall of tile 007701 (room 0x08),door 0x1d8e1c (preset 0x0005),16.970,no,"the line between them leaves the walkable area (a wall's thickness, or another floor)",
wall of tile 007701 (room 0x08),door 0x1d8e1c (preset 0x0005),25.454,no,"the line between them leaves the walkable area (a wall's thickness, or another floor)",
wall of tile 007702 (room 0x08),wall of tile 023D02 (room 0x07),38.182,no,the line between them touches another wall,wall of tile 020500 (room 0x08)
wall of tile 007702 (room 0x08),wall of tile 023F01 (room 0x07),43.678,no,the far wall faces the other way (it belongs to floor which isn't linked here),
wall of tile 007502 (room 0x08),wall of tile 023902 (room 0x07),50.909,no,the line between them touches another wall,wall of tile 020500 (room 0x08)
wall of tile 007502 (room 0x08),wall of tile 023F01 (room 0x07),55.152,no,the far wall faces the other way (it belongs to floor which isn't linked here),
wall of tile 020500 (room 0x08),wall of tile 023F01 (room 0x07),21.212,no,the line between them touches another wall,wall of tile 023D02 (room 0x07)
wall of tile 020500 (room 0x08),wall of tile 023F01 (room 0x07),21.212,no,the line between them touches another wall,wall of tile 023902 (room 0x07)
wall of tile 00531A (room 0x24),wall of tile 08761A (room 0x13),55.152,no,the line between them touches another wall,wall of tile 054119 (room 0x13)
wall of tile 087918 (room 0x13),wall of tile 05CD18 (room 0x13),25.455,no,"the line between them leaves the walkable area (a wall's thickness, or another floor)",
wall of tile 087918 (room 0x13),wall of tile 05CD18 (room 0x13),56.918,no,"the line between them leaves the walkable area (a wall's thickness, or another floor)",
wall of tile 087918 (room 0x13),wall of tile 05CD18 (room 0x13),25.455,no,"the line between them leaves the walkable area (a wall's thickness, or another floor)",
wall of tile 087918 (room 0x13),wall of tile 05CD18 (room 0x13),56.918,no,"the line between them leaves the walkable area (a wall's thickness, or another floor)",
wall of tile 05D218 (room 0x13),wall of tile 087518 (room 0x13),25.455,no,"the line between them leaves the walkable area (a wall's thickness, or another floor)",
wall of tile 05D218 (room 0x13),wall of tile 087518 (room 0x13),25.455,no,"the line between them leaves the walkable area (a wall's thickness, or another floor)",
wall of tile 05CD18 (room 0x13),wall of tile 087518 (room 0x13),56.918,no,"the line between them leaves the walkable area (a wall's thickness, or another floor)",
wall of tile 05CD18 (room 0x13),wall of tile 087518 (room 0x13),56.918,no,"the line between them leaves the walkable area (a wall's thickness, or another floor)",
monitor 0x1d84fc (preset 0x2710),monitor 0x1d84fc (preset 0x2710),0.018,no,neither wall could be placed on a tile,
monitor 0x1d84fc (preset 0x2710),monitor 0x1d84fc (preset 0x2710),0.018,no,the line between them touches another wall,monitor 0x1d84fc (preset 0x2710)
door 0x1d89dc (preset 0x0001),door 0x1d89dc (preset 0x0001),0.000,no,neither wall could be placed on a tile,
door 0x1d89dc (preset 0x0001),door 0x1d89dc (preset 0x0001),8.485,no,the line between them touches another wall,door 0x1d89dc (preset 0x0001)
door 0x1d89dc (preset 0x0001),door 0x1d89dc (preset 0x0001),8.485,no,the line between them touches another wall,door 0x1d89dc (preset 0x0001)
door 0x1d89dc (preset 0x0001),door 0x1d89dc (preset 0x0001),8.485,no,neither wall could be placed on a tile,
door 0x1d89dc (preset 0x0001),door 0x1d89dc (preset 0x0001),0.000,no,the line between them touches another wall,door 0x1d89dc (preset 0x0001)
door 0x1d8aec (preset 0x0002),door 0x1d8aec (preset 0x0002),0.000,no,neither wall could be placed on a tile,
door 0x1d8aec (preset 0x0002),door 0x1d8aec (preset 0x0002),12.727,no,the line between them touches another wall,door 0x1d8aec (preset 0x0002)
door 0x1d8aec (preset 0x0002),door 0x1d8aec (preset 0x0002),12.727,no,neither wall could be placed on a tile,
door 0x1d8bfc (preset 0x0003),door 0x1d8bfc (preset 0x0003),0.000,no,the line between them touches another wall,door 0x1d8bfc (preset 0x0003)
door 0x1d8bfc (preset 0x0003),door 0x1d8bfc (preset 0x0003),8.485,no,the line between them touches another wall,door 0x1d8bfc (preset 0x0003)
door 0x1d8bfc (preset 0x0003),door 0x1d8bfc (preset 0x0003),8.485,no,neither wall could be placed on a tile,
door 0x1d8bfc (preset 0x0003),door 0x1d8bfc (preset 0x0003),8.485,no,the line between them touches another wall,door 0x1d8bfc (preset 0x0003)
door 0x1d8bfc (preset 0x0003),door 0x1d8bfc (preset 0x0003),0.000,no,neither wall could be placed on a tile,
door 0x1d8d0c (preset 0x0004),door 0x1d8d0c (preset 0x0004),12.727,no,the line between them touches another wall,door 0x1d8d0c (preset 0x0004)
door 0x1d8d0c (preset 0x0004),door 0x1d8d0c (preset 0x0004),12.727,no,neither wall could be placed on a tile,
door 0x1d8d0c (preset 0x0004),door 0x1d8d0c (preset 0x0004),0.000,no,neither wall could be placed on a tile,
door 0x1d8e1c (preset 0x0005),door 0x1d8e1c (preset 0x0005),8.485,no,neither wall could be placed on a tile,
door 0x1d8e1c (preset 0x0005),door 0x1d8e1c (preset 0x0005),8.485,no,neither wall could be placed on a tile,
door 0x1d8e1c (preset 0x0005),door 0x1d8e1c (preset 0x0005),0.000,no,neither wall could be placed on a tile,
door 0x1d8e1c (preset 0x0005),door 0x1d8e1c (preset 0x0005),0.000,no,neither wall could be placed on a tile,
door 0x1d8e1c (preset 0x0005),door 0x1d8e1c (preset 0x0005),8.485,no,neither wall could be placed on a tile,
